Word,Frequency
<start>,6699
<end>,6699
আছে,2877
একটি,2412
লোক,1543
বসে,1246
একজন,1100
একটা,1018
টি,789
মহিলা,782
পরে,739
এবং,670
কালো,624
মেয়ে,553
সাদা,539
পরা,528
দাঁড়িয়ে,526
ছেলে,504
তার,413
টির,392
শার্ট,383
ও,373
রঙের,365
লাল,364
দাড়িয়ে,348
করছে,319
হাতে,307
নীল,298
এর,268
যাচ্ছে,246
পাশে,243
ছোট,235
দাঁড়িয়ে,233
মানুষ,218
উপর,218
চুল,216
সবুজ,210
অনেক,210
সামনে,203
পোশাক,199
কিছু,197
আছেন,193
পিছনে,192
দুই,180
রঙ,179
জামা,176
শাড়ি,175
গুলো,174
সাথে,170
নিয়ে,169
দেখা,166
ধরে,157
হলুদ,155
করে,144
দিয়ে,144
ব্যক্তি,143
চশমা,142
আছে।,141
তাদের,136
করছে।,136
রাস্তার,134
কুকুর,132
ওপর,130
দিয়ে,129
পুরুষ,129
দুটি,129
নিয়ে,125
যার,122
মধ্যে,114
চুড়ি,112
হাত,111
এক,111
থেকে,109
দিকে,109
জন্য,109
একদল,108
লোকটি,106
শিশু,106
গেঞ্জি,105
মেয়ে,98
রাস্তায়,98
লোকটির,96
দাঁড়াই,96
যখন,96
বাচ্চা,94
কাজ,93
মুখে,93
কমলা,92
কাছে,91
তিনজন,89
রাখা,88
বাইরে,88
করছেন,85
থাকা,85
গায়ে,84
বড়,84
গলায়,83
চোখে,81
দুইজন,81
পড়ে,81
টুপি,76
খাবার,76
উপরে,74
বিক্রি,74
পরেছেন,71
ছবি,71
গোলাপি,70
কথা,70
বাদামী,70
রয়েছে,70
কপালে,67
দোকানে,67
ট্রেন,65
দুজন,65
হাসছে,64
হেটে,64
করছেন।,63
বয়স্ক,62
মাঠে,62
ঘাসের,61
মাথায়,60
আর,59
একসাথে,58
হচ্ছে,58
টিপ,57
যা,57
দিচ্ছে,57
গাছের,57
সহ,57
একটাা,54
কাঠের,54
বয়স্ক,54
সময়,54
পরেছে,53
অন্য,53
ধূসর,53
ফুটপাতে,53
উজ্জ্বল,53
মাঝে,52
তাকিয়ে,52
মুখ,51
তিনি,51
পরনে,51
বেঞ্চে,51
চেয়ারে,49
নিচে,49
খেলছে,49
সুন্দর,49
তাকিয়ে,48
যুবক,48
গাছ,48
সৈকতে,48
ক্যামেরা,47
নাকে,47
দেয়াল,47
বলছে,47
নাকফুল,47
করা,47
চারপাশে,47
স্যুট,46
তে,45
আছে,,45
তারা,44
সাইকেল,44
করার,44
ভিতর,42
প্রকৃতির,42
জ্যাকেট,42
এই,42
চারজন,41
বড়,41
মালা,41
তৈরি,41
দাড়াই,41
জলের,41
গল্প,40
প্যান্ট,40
রান্না,40
স্মৃতিসৌধ,40
হাঁটছে,40
লম্বা,39
তুলছে,39
খাচ্ছে,39
দুইটা,39
বেশ,39
দোকানের,38
গাড়ি,38
মহিলার,38
সে,38
হেঁটে,37
দেখছে,37
কাঁধে,36
পানির,36
ঘরের,36
মনে,35
ঠেলাগাড়ি,35
মাফলার,35
রেখেছে,35
টেবিলে,35
খেলছে।,35
চুলের,34
খোলা,34
ঘাস,34
গাড়ির,34
মাছ,34
বাঁশি,33
শুয়ে,33
তিনটি,33
সূর্য,33
পাথরের,33
সমুদ্র,33
রঙিন,33
দাঁড়ি,32
মুজিবনগর,32
চমপ্লেক্স,32
বলে,31
ব্যাগ,31
মহিলাটি,30
রাস্তা,30
ফল,30
খেলনা,30
উপভোগ,30
গিটার,30
শুয়ে,30
কুকুরের,30
দু'জন,30
আকাশ,30
সাড়ি,29
ক্যামেরার,29
বাতাসে,29
অনেকগুলো,29
বাইক,29
দিচ্ছে।,29
হাঁটছে।,29
হাসি,28
একজনের,28
চোখ,28
লোকের,28
ঝুড়ি,28
গাছপালা,28
মাটিতে,28
গরু,28
গাছে,27
দুইটি,27
বিভিন্ন,27
অপেক্ষা,27
এশিয়ান,27
লাফ,27
টি-শার্ট,27
দল,27
জিন্স,27
যায়,27
সবাই,26
বাইরের,26
ঘরে,26
মানুষের,26
পা,26
শহরের,26
থলে,25
মেয়েটির,25
রাতে,25
আসছে,25
লোকেরা,25
অল্প,25
হয়,25
তিন,24
দোকান,24
হালকা,24
জানালা,24
চালাচ্ছে,24
শীতের,24
যাচ্ছে।,24
পাখিদের,24
চার,23
হেলান,23
খাবারের,23
বন্ধু,23
মেঘ,23
দ্বারা,23
দম্পতি,23
নির্মাণ,23
পাঞ্জাবি,22
ক্যাপ,22
দুল,22
কে,22
রেললাইনের,22
ভিতরে,22
বেগুনি,22
মাঠের,22
পাশ,22
সিড়ির,22
হয়েছে,22
জুড়ে,22
বই,21
ঘড়ি,21
বোতল,21
নদীর,21
মেঝেতে,21
খালি,21
গুলা,21
কয়েকজন,21
ব্যবহার,21
ছিটিয়ে,21
ভিড়,21
পোজ,21
চেষ্টা,21
স্বর্ণকেশী,21
ছড়িয়ে,21
ধারে,21
মাঝখানে,21
সূর্যের,21
আছেন।,21
মাথা,20
লাইন,20
নৌকা,20
পাখির,20
বালক,20
উচু,20
বাজারে,20
আকাশে,20
যেখানে,20
গাঢ়,20
মহিলাটির,19
যাচ্ছেন,19
গামছা,19
শার্ট,,19
কাপড়,19
চেয়ার,19
জিনিস,19
ছলে,19
তুলে,19
একে,19
তিনটা,19
সাদের,19
সামনের,19
ছোট্ট,19
মহিলা,,19
বিল্ডিংয়ের,19
গোলাপী,19
বা,19
করতে,19
কয়েকটি,19
পটভূমিতে,19
প্রসারিত,19
করে।,19
খাচ্ছে।,19
পোরনে,18
ফোন,18
ঢাকা,18
হেলমেট,18
সারি,18
বাবা,18
পরা,,18
মধ্য,18
চালাচ্ছেন,18
গাড়ি,18
যুবতী,18
চেয়ারে,18
জড়ো,18
ঘেরা,18
পার্কে,18
বেসবল,18
ব্যস্ত,18
দেখছে।,18
শর্টস,18
ছায়া,18
কানে,17
সোনালি,17
কানের,17
মেয়েটি,17
কাগজ,17
চারটি,17
পানিতে,17
আড্ডা,17
খেলা,17
যে,17
গরুকে,17
ফুটবল,17
দৃশ্য।,17
দিচ্ছেন,16
জন,16
রেখে,16
পাকা,16
পোশাকে,16
হোটেলে,16
ভবনের,16
কেউ,16
বালির,16
দেয়ালে,16
শ্রমিক,16
পরিবেশে,16
আলো,15
বগি,15
ট্রেনের,15
ঘোমটা,15
ছাতা,15
গুলোর,15
রেখেছেন,15
আকাশের,15
পানি,15
টেবিল,15
লুঙ্গি,15
পাতা,15
তাকে,15
আইসক্রিম,15
নারী,15
অপরের,15
বৃদ্ধ,15
শিশুকে,15
অনেকজন,15
পরিবার,15
চারটা,15
মাথাই,15
মুরগির,15
বারবিকিউ,15
ঘাসে,15
গাড়ির,15
বল,15
ভিড়ের,15
ঠেলে,15
মাথায়,15
এলাকায়,15
মেয়েকে,15
বাম,15
উজ্জ্বলভাবে,15
হাঁটছেন।,15
মানুষ।,15
চালিয়ে,14
পায়ে,14
হয়ে,14
ট্রেনে,14
মোবাইল,14
রাতের,14
কোলে,14
রাস্তায়,14
টেবিলের,14
মোটা,14
বাচ্চাদের,14
রান্নাঘরে,14
তরুণী,14
ভেস্ট,14
সানগ্লাস,14
পরিষ্কার,14
দেয়,14
অল্পবয়সী,14
সাহায্য,14
কামিস,13
উঠছে,13
ছাগল,13
দেওয়া,13
গেছে,13
চা,13
দেখাচ্ছে,13
খয়েরি,13
পকেটে,13
নোংরা,13
মাটি,13
বেলুন,13
নৌকার,13
মুরগি,13
ধাতব,13
পাঁচজন,13
বসা,13
আরোহণ,13
থাকে,13
পিকনিক,13
দিনে,13
দৌড়াচ্ছে,13
সোয়েটার,13
বিশাল,13
ভরা,13
শিশুর,13
অবস্থায়,13
আলোকিত,13
হচ্ছে।,13
দৃশ্য,,13
ওড়না,12
বন্ধ,12
মাক্স,12
মলিন,12
ঝুলছে,12
অপর,12
দুরে,12
কয়েকজন,12
চায়ের,12
খুলে,12
বিছানার,12
ফলের,12
চলছে,12
রিক্সা,12
হাসতেছে,12
গলফ,12
শপিং,12
ছেলেটি,12
ছবিতে,12
হাঁটছেন,12
প্রতিফলিত,12
ইউনিফর্ম,12
বাড়ির,12
পিঠে,12
খেলার,12
ট্যান,12
গাড়িতে,12
প্রাপ্তবয়স্ক,12
প্রস্তুত,12
কংক্রিটের,12
বেড়ার,12
করছেন৷,12
নৌকায়,12
ডোরাকাটা,12
ছবির,12
ঝাঁপ,12
শিশুরা,12
পুরানো,12
মতো,12
বহিরঙ্গন,12
এটি,12
কৃষক,12
জ্বলছে,,12
পাখি,,12
গরু,,12
পাশাপাশি,11
রং,11
পার,11
সুয়ে,11
সোনার,11
বাদামি,11
বাড়ির,11
দূরে,11
সেলাই,11
মা,11
নিচু,11
সাগরের,11
আরও,11
অন্ধকারে,11
হুডি,11
কোট,11
পার্কের,11
পুরুষ,,11
খুব,11
প্রদর্শন,11
লোক,,11
বাচ্চাকে,11
দেয়ালের,11
গান,11
পড়ে,11
হকি,11
হাফপ্যান্ট,11
জায়গায়,11
পটভূমিতে,,11
মহিলা।,11
মার্শাল,11
বলছে।,11
গরু।,11
বেধে,10
একা,10
থালা,10
রেললাইন,10
বাঁশী,10
করেছে,10
লাঠি,10
ছেলের,10
কাদছে,10
মনিটর,10
দরজা,10
বালতি,10
ঠিক,10
কলম,10
জুতা,10
ভেতর,10
টুলের,10
ফুল,10
যন্ত্র,10
আশেপাশে,10
টাই,10
বাগানের,10
বিছানাতে,10
কাপ্তাই,10
লেকের,10
বন্দুক,10
রিকশা,10
মাছের,10
মাংস,10
চাকার,10
চিকোন,10
অন্যজন,10
ভাঙ্গা,10
আলোতে,10
কেশিক,10
মেয়ের,10
লাফিয়ে,10
মুখের,10
ভদ্রমহিলা,10
মেয়েটি,10
শার্টবিহীন,10
অন্যান্য,10
তরুণ,10
স্পর্শ,10
ব্যক্তির,10
কম্বলের,10
মঞ্চে,10
স্কার্ট,10
কারণ,10
বিশ্রাম,10
সঙ্গে,10
তুলতুলে,10
হওয়ার,10
খড়ের,10
দৌড়াচ্ছে।,10
দেখছেন।,10
পুলে,10
ঘন,9
লাল,,9
ঠোট,9
মোজ,9
রেললাইনে,9
মেেয়ে,9
লেগে,9
কম,9
কাজল,9
আঁকা,9
ভেসে,9
মাথার,9
জানালার,9
বাজাচ্ছেন,9
বাজাচ্ছে,9
জ্বলছে,9
খাঁচার,9
সাইকেলের,9
বাদ্যযন্ত্র,9
দালান,9
ঢেকে,9
ড্রেস,9
পতাকা,9
কাঁঠাল,9
ইট,9
সবজি,9
ভেন,9
চালক,9
ঘুরে,9
দাঁড়ায়,9
লড়াই,9
টপ,9
পুরুষের,9
সেখানে,9
করছে৷,9
পথ,9
বলের,9
আরোহী,9
চড়ে,9
ডান,9
উঁচু,9
দিচ্ছেন।,9
হয়ে,9
বুদবুদ,9
পাহাড়ের,9
ফিরে,9
গ্রামের,9
মেঘে,9
রয়েছে,,9
হয়,,9
করছে,,9
পাখি।,9
চুড়ির,8
রেল,8
লাইনের,8
বাজাছেন,8
ফোনে,8
নিল,8
বাঁধা,8
আরেকটি,8
টীপ,8
পুতুল,8
চুরি,8
কাঁচের,8
আয়না,8
পাখি,8
ঘর,8
কান,8
নিচ্ছে,8
ডিম,8
ব্যগ,8
ব্রিজ,8
বৃদ্ধা,8
ভেনে,8
বিক্রেতা,8
শহরে,8
মজা,8
বৃষ্টির,8
রদের,8
প্রস্তুতি,8
রাস্তাই,8
দেওয়ার,8
ঘুমাচ্ছে,8
পিছনের,8
না,8
ঝাড়ু,8
পার্ক,8
যেমন,8
পাশের,8
সৈকতের,8
মহিলারা,8
টুকরো,8
নীচে,8
গোল,8
গ্রিল,8
ব্যাকপ্যাক,8
খেলোয়াড়,8
ব্যাকগ্রাউন্ডে,8
শাড়ি,8
ময়লার,8
লোককে,8
ঘোড়া,8
স্কার্ফ,8
বালিতে,8
গুচ্ছ,8
দেখতে,8
বিপরীতে,8
প্রদান,8
আকাশটি,8
গরুর,8
বহন,8
সেতুর,8
তুলছে।,8
টানছে।,8
পালকের,8
কাকের,8
পর্দা,7
শাড়ী,7
পাজামা,7
নাকফুঁল,7
পরিহিত,7
ঘাড়ে,7
টাকা,7
লাইট,7
তাবিজ,7
পোশাকের,7
সাজিয়ে,7
জুতো,7
মোমবাতি,7
বিল্ডিং,7
বের,7
বিড়ি,7
পাতিল,7
ঝুলিয়ে,7
চেয়ারের,7
কাথা,7
পোষাক,7
কলা,7
বোর্ড,7
লোকজন,7
বাইকের,7
বাচ্চারা,7
কাঠ,7
পায়ের,7
সমুদ্রের,7
সমুদ্রে,7
শিশুটি,7
পড়া,7
গোসল,7
টিনের,7
শেষে,7
দোকানদার,7
বিরিয়ানি,7
ভাজা,7
পারে,7
ঝুলন্ত,7
বেরাচ্ছে,7
মাঠ,7
বাজারের,7
ব্যক্তি,,7
নৈমিত্তিক,7
বৃত্তে,7
উঠে,7
পুলিশ,7
উঠোনে,7
রেস্তোরাঁয়,7
কুকুরটি,7
পায়ে,7
জল,7
পুরুষরা,7
পড়ছে,7
বরফের,7
দেখায়,7
হাঁটু,7
টাক,7
গ্রিলের,7
ফুলে,7
যারা,7
পর্যন্ত,7
দিচ্ছেন৷,7
জঙ্গলে,7
আউটডোর,7
হাইকিং,7
অন্যরা,7
দীর্ঘ,7
আগুনের,7
শ্রমিকরা,7
ছাদ,7
এটিভিতে,7
ট্রাকের,7
চক,7
শিশুদের,7
ছাদে,7
দাড়ি,7
দৃশ্য,7
কাছাকাছি,7
শান্তিপূর্ণ,7
শান্ত,7
প্রাকৃতিক,7
দুপাশে,7
চারপাশের,7
ফুলের,7
পথে,7
আছে.,7
পারফর্ম,7
হাসছে।,7
এপ্রোন,7
তাকায়।,7
ব্যক্তি।,7
রয়েছে।,7
পাতার,7
সেলফোনে,7
পাখিটি,7
রয়েছে,6
চোখেই,6
কাচের,6
নীল,,6
দেখছেন,6
বসেে,6
মন,6
খারাপ,6
হলুদ,,6
নেমে,6
ইটের,6
টকটকে,6
আরেক,6
নদী,6
দেখে,6
মেয়েটা,6
ভিডিও,6
ফ্যান,6
চাদর,6
মাইক,6
মগ,6
রঙ্গের,6
বাড়ি,6
আগুন,6
দেয়ালের,6
বাসা,6
চুলার,6
কাটছে,6
পাত্র,6
আপ,6
ভাস্কর্য,6
সাইকেলে,6
গাড়িতে,6
ড্রাগন,6
পাহাড়ের,6
বাক্স,6
অন্যদিকে,6
নামতেছে,6
খেলোয়াড়,6
কাল,6
মলের,6
অনেকের,6
এপ্রন,6
টেলিফোনে,6
হিজাব,6
চাচা,6
খেতে,6
বসার,6
চাকা,6
মূর্তি,6
স্কুলের,6
অনেকগুলা,6
কেক,6
জনের,6
রোদের,6
নেটের,6
ঘুরাঘুরি,6
গেট,6
একসঙ্গে,6
সিঁড়ির,6
করে,,6
হেডফোন,6
কেকের,6
স্পষ্টভাবে,6
প্রচুর,6
ট্যাটু,6
উপরের,6
শিশু,,6
দড়ি,6
দিকের,6
তীরে,6
রাখে,6
রৌদ্রোজ্জ্বল,6
সিঁড়িতে,6
আফ্রিকান,6
বিক্রির,6
পণ্য,6
প্রায়,6
কিন্তু,6
কথোপকথন,6
তুষার,6
নেওয়ার,6
পাথুরে,6
অন্যটি,6
মেয়ে,,6
ঢিবির,6
গিয়ার,6
ধরার,6
তাড়া,6
চিহ্ন,6
পাহাড়ে,6
মুখোমুখি,6
মেশিন,6
মেয়েরা,6
আছেন,,6
রেস্টুরেন্টে,6
উড়ছে।,6
সারিবদ্ধ,6
ধানের,6
দেওয়া,6
কিছুটা,6
প্রাণবন্ত,6
উষ্ণ,6
জ্বলজ্বল,6
দূরের,6
পরিবেশ,6
ফেলেছে,6
মেঘের,6
যাচ্ছে,,6
চুলগুলি,6
পায়ের,6
দৃশ্যের,6
যোগ,6
প্রবেশ,6
শক্তভাবে,6
ধূসর,,6
জাল,6
ঘিরে,6
যেন,6
খাকি,6
খুঁটিতে,6
দেয়াল,6
তরমুজ,6
কাদা,6
হয়।,6
আঁকছে।,6
কেনাকাটা,6
বিল্ডিংয়ে,6
বিয়ার,6
লেখা,6
লোক।,6
ঘোড়ায়,6
ছেলেকে,6
ইউনিসাইকেল,6
নিচ্ছেন।,6
পুতুলের,6
কাটছে।,6
দোলনায়,6
আঁকছেন।,6
কুমড়ার,6
উড়ে,6
ছবি।,6
মাঝে,,6
পরিচালনা,5
বলছেন,5
তুলছেন,5
তা,5
মত,5
হ্লুদ,5
এলোমেলো,5
কান্না,5
চলে,5
রেললাইনেড়,5
নদীতে,5
মেয়েটার,5
পড়ছে,5
দেয়ালে,5
আকা,5
রকম,5
ক্রেনের,5
ক্রেন,5
পান,5
সদা,5
উড়ছে,5
কাক,5
বাই,5
মোটর,5
নিচের,5
পিঠা,5
হ্রদের,5
সুদর্শন,5
সৈনিক,5
ঔষধ,5
যাত্রি,5
আশ্রয়,5
স্থলে,5
বাঘ,5
চালানোর,5
নামাজ,5
তুপি,5
পিছে,5
ছাতার,5
কার্পেটে,5
রিচকশাওলা,5
বাজার,5
সমজির,5
মাংসের,5
শূন্য,5
মিলে,5
বিসমিল্লাহ,5
সিরাজ,5
ভাই,5
গোস্তের,5
রকেট,5
এটিএম,5
বুথের,5
কাকু,5
কাঁকড়া,5
ব্রিজে,5
বৌধ্য,5
ব্রিজের,5
কেরাম,5
ছেলেমেয়ে,5
পোলাপান,5
আনমনে,5
সকালে,5
পারকে,5
হোটেলের,5
বারান্দাই,5
ইলিশ,5
মেহেরপুর,5
যুবকের,5
অনুশীলন,5
সিঁড়ি,5
এগিয়ে,5
সম্পর্কে,5
কর্মী,5
হাঁটার,5
তাকায়,5
মানুষ,,5
ময়লা,5
ফুটপাথ,5
ব্যক্তিকে,5
দিন,5
আইটেম,5
সবজির,5
বিছিয়ে,5
মাইক্রোফোনে,5
গাইছে,5
সিগারেট,5
ধরছে,5
-,5
গেড়ে,5
জালের,5
স্ট্রলারে,5
হাঁটছেন৷,5
শক্ত,5
ভাল,5
বাজিয়ে,5
দিচ্ছে৷,5
সরাসরি,5
নীচের,5
লাইফ,5
স্ফীত,5
ভুট্টার,5
দেওয়ালে,5
ভেজা,5
প্যান্ট,,5
অস্ত্র,5
প্লেড,5
কম্বল,5
নেয়,5
পরীক্ষা,5
কুকুরকে,5
সেফটি,5
পুকুরে,5
জঙ্গলের,5
আলোর,5
চিত্রের,5
লাথি,5
বাহু,5
মরিচ,5
চেয়ার,5
ফাঁকা,5
চেক,5
দ্রুত,5
ফেলে,5
পরেছেন,,5
রাস্তাটি,5
ল্যান্ডস্কেপ,5
টাইলস,5
রক্ষা,5
যতদূর,5
অন্যজনের,5
শাখাগুলি,5
চাষ,5
এটির,5
বিরুদ্ধে,5
দোল,5
দৃশ্যটি,5
ক্ষেতে,5
পৌঁছেছে,5
কুকুরছানা,5
কেন্দ্রে,5
প্রাপ্তবয়স্করা,5
বইয়ের,5
সুন্দরভাবে,5
ড্রাম,5
পিচ্চি,5
বুড়ি,5
বাবু,5
করাচ্ছে,5
ধরে।,5
বেড়াচ্ছে।,5
বাজাচ্ছেন।,5
আইস,5
টুপিতে,5
প্লাস্টিকের,5
কারাতে,5
সুইমিং,5
একই,5
উচ্চ,5
পারফর্মার,5
তাকাচ্ছে।,5
পাবলিক,5
দর্শকদের,5
আর্ট,5
টুপি,,5
কাউন্টারের,5
বাজাচ্ছে।,5
জেলি,5
খাঁচায়,5
শাখায়,5
খাঁচায়,5
টুকান,5
দাঁড়িয়ে।,5
কালো-সাদা,5
জোরে,5
ধানক্ষেতে,5
নিজের,4
পুরুষটির,4
আছেে,4
তিনজনের,4
বাঘের,4
দরজার,4
যাার,4
যায়,4
এসেছে,4
বেলা,4
অন্নমনস্ক,4
বাঁশ,4
ভাবে,4
আকাশী,4
মাফ্লার,4
অনেকে,4
মহিিলা,4
হয়েছে,4
টিউবয়েলের,4
প্যাকেট,4
ক্লিপ,4
খাচার,4
ডিব্বা,4
টেনে,4
কয়েকটি,4
ওজন,4
মাপা,4
মাটির,4
পাত্রে,4
ডাস্টবিন,4
বাদাম,4
উল্লাস,4
আয়নার,4
সার্ফিং,4
বোট,4
কপড়ের,4
বোর্ডে,4
মাহিলা,4
সেলুনের,4
সেলুনে,4
টেলিভিশন,4
পত্রিকা,4
আকাশযানে,4
খাইয়ে,4
ধরনের,4
কাটা,4
বাসার,4
ভেলে,4
টেপ,4
যাত্রী,4
বিক্রেতার,4
ছিএঞ্জি,4
কিরশাতে,4
পাচ্ছি,4
ফুলহাতা,4
মন্দিরে,4
আরেকজন,4
হুডী,4
ডাল,4
তাবুর,4
কয়লার,4
তাপে,4
ভোর,4
বেলাই,4
ভর্তি,4
বিয়ে,4
বাড়িতে,4
ব্যালে,4
অপূর্ব,4
ক্লাসে,4
পাঁচটি,4
নাচছে,4
স্নিকার্স,4
ভিন্ন,4
ট্রাক্টরে,4
দেশের,4
প্রধান,4
লাগাচ্ছেন,4
চিনি,4
রংধনু,4
দল,,4
হয়েছিল,4
দুজনেই,4
পরিবেশন,4
মেট্রো,4
স্টেশনের,4
ছেলে,,4
দড়িতে,4
আঁকড়ে,4
অফিসার,4
খোলার,4
পার্কিং,4
বিরতি,4
কারখানায়,4
ছবিটি,4
লাইনে,4
দিতে,4
দুটো,4
শার্টে,4
অদ্ভুত,4
পণ্যের,4
বর,4
নতুন,4
গেমকিউব,4
খাচ্ছেন,4
বেড়াতে,4
পাথরে,4
বরফ,4
চিৎকার,4
শুনছে,4
চিহ্নের,4
একাধিক,4
ছাত্র,4
পেতে,4
ধরতে,4
রেলিং,4
আকাশচুম্বী,4
স্থানীয়,4
কামড়,4
বৈদ্যুতিক,4
আউট,4
ক্যানোতে,4
পড়া,4
ব্যক্তি৷,4
পেছনে,4
স্ট্রিট,4
ক্রসওয়াকে,4
আমেরিকান,4
ছেলেরা,4
ফেলছে,4
সৈকত,4
উপেক্ষা,4
শুকনো,4
গ্রীষ্মের,4
স্কেটবোর্ডার,4
উঠছে।,4
আনন্দে,4
রেস্টুরেন্টের,4
বিমের,4
ছুটছে,4
উঠতে,4
স্তূপ,4
স্থির,4
যিনি,4
বেত,4
ভারী,4
অপরকে,4
পশম,4
ট্র্যাকে,4
নিজেকে,4
একত্রিত,4
কিশোর,4
কাউন্টারে,4
বেয়ে,4
প্যাডেল,4
ক্রিকেট,4
স্রোতের,4
প্রতিকৃতি,4
কাঠামোর,4
লক্ষ্য,4
অভিব্যক্তি,4
রেস্তোরাঁর,4
পানীয়,4
স্নোমোবাইল,4
গ্রামীণ,4
সেট,4
ক্ষেতের,4
ঝুড়ি,4
মোটরসাইকেল,4
উভয়,4
আছে৷,4
সূর্যাস্তের,4
ভরা,,4
হয়েছে,,4
মহিলাকে,4
বিন্দু,4
সিটে,4
দিগন্ত,4
তাকালে,4
কাদায়,4
হয়.,4
লাগানো,4
ব্যারেল,4
উপাদান,4
দিগন্তের,4
গর্ত,4
খনন,4
রঙে,4
পাখা,4
বারান্দার,4
হাতুড়ি,4
চিত্রটি,4
লোকদের,4
আবার,4
বান্ডিল,4
যেটি,4
দৃশ্যে,4
সারিবদ্ধ,,4
,,4
ডানদিকের,4
কঠোর,4
পিছনে,,4
কাপড়,4
রাইড,4
বাহুতে,4
ধারণ,4
ছয়জন,4
জলে,4
মেলায়,4
এমন,4
বাজানো,4
ডেলে,4
ভিড়।,4
স্কুপ,4
গিয়ারে,4
চালাচ্ছেন।,4
জিনিসপত্র,4
খেলছেন।,4
পড়ছেন।,4
দলের,4
রেখেছে।,4
ব্রাশ,4
ফোয়ারায়,4
দুর্গ,4
পুলের,4
কম্পিউটারে,4
বিয়ের,4
প্যারেডে,4
কিশোরী,4
যায়।,4
কাঁকড়া,4
বিব,4
সেতু,4
নাচছে।,4
শ্রমিকরা।,4
খাচ্ছেন।,4
হয়েছে।,4
আর্টিস্ট,4
তাস,4
কৃষকের,4
বলছেন।,4
ডাইভিং,4
উল্টে,4
কামড়াচ্ছে।,4
কাটছেন।,4
নিচ্ছে।,4
স্কেটিং,4
আলোয়,,4
কাক।,4
অসাধারণ,4
শাখায়,4
লালচে,4
গরুদের,4
সঙ্গে।,4
লাল-,3
রোড,3
নিজেদের,3
লো্ক,3
ভেতরে,3
জলছে,3
সাাদা,3
নীীল,3
দুজনে,3
রাত,3
আহে,3
খুঁটি,3
অপলক,3
যুক্ত,3
খাকী,3
বন্ধুক,3
গুলি,3
ভাত,3
ক্যানভাসের,3
দাগ,3
হাওয়া,3
বেশি,3
মহিলাটার,3
বাচ্চার,3
মুদির,3
শাার্ট,3
কোঁকড়া,3
গালে,3
কাচা,3
টুল,3
বেঞ্চের,3
ঝুপড়ি,3
বেগুনী,3
মসলা,3
জগের,3
ঢাকনা,3
খাঁচা,3
পাসে,3
আবর্জনার,3
রিক্সার,3
ফুটপথের,3
ক্যাঙ্গারুর,3
মেয়েরা,3
হ্রদ,3
স্টিক,3
মলে,3
বর্ণের,3
আরেকজনকে,3
বোরখা,3
আঙ্গুল,3
মাউথপিস,3
নামছে,3
বোরকা,3
সামুদ্রিক,3
গামলা,3
লেকে,3
আছ,3
হাউযে,3
তোলা,3
তাকাই,3
প্লেট,3
পাহাড়,3
ছেলেগুলো,3
বাকি,3
বেগুলি,3
ঝুটি,3
পাঁচটা,3
বাগান,3
চুলায়,3
পর্যবেক্ষণ,3
লাফাচ্ছে,3
শীর্ষে,3
প্রাচীর,3
ডিয়ার,3
পরেন,3
গুঁড়ো,3
পেইন্টিংয়ের,3
আঁকছে,3
মানুষটি,3
সাজানো,3
শীট,3
সঙ্গীত,3
বলতে,3
একগুচ্ছ,3
পড়ছেন,3
দড়ির,3
ভ্যানের,3
নিরাপত্তা,3
সদস্য,3
শর্ট-হাতা,3
লটে,3
চামড়ার,3
বাছাই,3
সমাবেশ,3
ঐতিহ্যবাহী,3
ব্লু,3
বস্তুর,3
শিল্পের,3
কনে,3
পথের,3
নববধূ,3
খেলছে৷,3
কুকুর,,3
কাঁপছে,3
প্রান্তে,3
তীরের,3
কুলার,3
রক,3
ক্লাইম্বিং,3
নিচ্ছেন,3
সরঞ্জাম,3
হিমায়িত,3
ফসল,3
গাইছেন,3
প্রবাহিত,3
ট্যাঙ্ক,3
ল্যাব,3
গোলকির,3
বার,3
খেলতে,3
দূরত্বে,3
কনসার্ট,3
চলাকালীন,3
সুইং,3
মারছে,3
দৃশ্যমান,3
শহুরে,3
কংক্রিট,3
মসৃণ,3
ফুটপাথের,3
সিমেন্টের,3
মটরশুটি,3
জার্সি,3
জ্যাকেটে,3
পরিধান,3
স্কিইং,3
খেলোয়াড়কে,3
হওয়া,3
ক্যাচার,3
ট্যাগ,3
ঘুড়ি,3
লোকজনের,3
হাঁটা,3
অসংখ্য,3
লোকেদের,3
তখন,3
শীতল,3
বরাবর,3
ঝোপের,3
লন,3
পর,3
কৌশল,3
প্ল্যাটফর্মে,3
বেঞ্চ,3
বেরিয়ে,3
যেতে,3
যোগাযোগ,3
পরিবারের,3
স্টিলের,3
ছুটে,3
ডালে,3
আরেকটা,3
ঘড়ি,3
বয়সী,3
জলাশয়ের,3
ছায়ায়,3
কোণে,3
চালায়,3
অংশ,3
দেখার,3
পিছন,3
প্রশংসা,3
ফ্রিসবি,3
বালি,3
ঘোড়ার,3
মেরামত,3
দর্শকরা,3
অবস্থান,3
হলের,3
কোনো,3
খেলনার,3
বনভূমির,3
বনের,3
এশিয়ার,3
ছেলেদের,3
শুষ্ক,3
খেলছেন,3
দিনের,3
আঁকার,3
বিস্তৃত,3
মারার,3
ভান,3
পুরুষকে,3
অন্ধকার,3
স্ট্যান্ডে,3
বারান্দায়,3
ক্যান,3
ফুঁকছে,3
লনে,3
কোর্সে,3
সুড়ঙ্গের,3
ভারসাম্য,3
উঁচুতে,3
রাইডার,3
উড়ছে,3
স্নোমোবাইলে,3
গগলস,3
সরানোর,3
ভাঁজ,3
চেয়ারের,3
তাকানোর,3
ATV,3
হাওয়া,3
মুঠোফোন,3
হবে,3
কাটার,3
নিক্ষেপ,3
জমি,3
বেড়া,3
কারণে,3
ভাস্কর্যের,3
বিড়ালটির,3
গতিতে,3
দৌড়ে,3
ক্ষেত,3
শাকসবজির,3
বেছে,3
দৃঢ়,3
গভীর,3
প্রত্যেকে,3
সন্তুষ্ট,3
যাত্রা,3
সবুজ,,3
আলোয়,3
আশেপাশের,3
পরেন,,3
প্রথম,3
ব্যক্তিটি,3
রশ্মি,3
অলসভাবে,3
ব্লক,3
অস্ত,3
ঢালাই,3
শেষ,3
পুরো,3
আকাশকে,3
সূর্যাস্ত,3
অন্যদের,3
সৌন্দর্য,3
আম,3
জায়গা,3
আংশিকভাবে,3
ছবিতে,,3
আমরা,3
সেটিংয়ে,3
বেশিরভাগ,3
তাপ,3
কাণ্ড,3
সাহায্যে,3
চালিয়ে,3
লম্বা,,3
লুঙ্গি,,3
আকারের,3
অন্দর,3
টিল,3
সাদা,,3
শান্তিতে,3
কুকুরটির,3
স্তম্ভের,3
পোষা,3
ঘুমিয়ে,3
কিছুর,3
নিবদ্ধ,3
কাজের,3
হচ্ছে,,3
ঝুলে,3
আবৃত,3
ফ্রেম,3
সাঁতারের,3
প্যান্টের,3
বুকের,3
অনন্য,3
হাতা,3
বাগানে,3
পরিশ্রম,3
গ্রহণ,3
ঝুঁকে,3
ধরেছে,3
গায়ে,3
অগভীর,3
যাত্রীরা,3
দলে,3
বেড়াই,3
গোড়িলার,3
হাতিতে,3
পতাকার,3
ইভেন্টে,3
কাঁদছে।,3
লোকে,3
কাগজে,3
শিল্পী,3
মহিলাদের,3
সেলো,3
বাজছে।,3
দলকে,3
মজার,3
ফুটপাথে,3
পারফর্মারদের,3
বিনোদন,3
শিশু।,3
বাইকার,3
ডেনিম,3
গিরিখাতের,3
ডাইনোসর,3
এলমো,3
কুকুর।,3
সজ্জিত,3
চড়ে।,3
কম্পিউটারের,3
গৃহহীন,3
রেখেছেন।,3
স্কুটারে,3
ইউনিসাইকেলে,3
মিশ্র,3
খাওয়ার,3
ভদ্রলোক,3
ক্যাফে,3
পিগিব্যাক,3
দল।,3
হাইচেয়ারে,3
খাওয়ানোর,3
শুনছে।,3
গলফার,3
পাথর,3
2,3
আগুনে,3
পরিমাপ,3
সাইটে,3
দেশীয়,3
ধরছে।,3
অ্যাম্বুলেন্সের,3
মহিলা৷,3
ফ্লিপ-ফ্লপ,3
টিপস,3
তাঁবুতে,3
জনতার,3
বেলি,3
মাসকটের,3
জোতা,3
ট্রেইলে,3
হাওয়াইয়ান,3
প্যাচে,3
কুমড়া,3
স্টেডিয়ামে,3
পাইপের,3
ক্যাম্প,3
ফায়ারে,3
ভালুকের,3
জীবনের,3
রাইফেল,3
পাখিরা,3
আলোতে।,3
বাজপাখি,,3
ভাসমান,3
ছবি,,3
ঝাঁক,3
কাকেরা,3
কালো-ভূরি,3
ঝলমল,3
ধূসর।,3
পাশে।,3
পরিবেশে,,3
খেতের,3
বাছুরের,3
খেয়ে,3
কৃষক।,3
কোলে,,3
দুইজনের,2
ধুসর,2
অলংকার,2
রকমের,2
ডালা,2
আংটি,2
জোড়া,2
ডানদিকে,2
দশজন,2
তেরা,2
মতন,2
কাপ,2
গুল,2
যুুবক,2
টিরে,2
দড়ে,2
অরনা,2
মাস্ক,2
অফ,2
বুজে,2
পরিপাটি,2
ধোয়া,2
বুকে,2
ছলেে,2
বিরি,2
দেয়াশলাই,2
এ,2
ঘুমিয়ে,2
বাঁশের,2
দিয়েছে,2
কাধে,2
ভয়,2
একদম,2
পাাশে,2
পাড়ে,2
নদি,2
নওকার,2
কচুরিপনা,2
কোকড়া,2
স্লোগান,2
বেতের,2
চেইন,2
বোঝা,2
গাড়ী,2
নানা,2
কা্যামেরা,2
।,2
খাটে,2
রুম,2
মেঝে,2
হাড়ি,2
বাতাস,2
টিউবয়েল,2
মেকআপ,2
মেহিলা,2
শরীররে,2
হাটছে,2
সবুুজ,2
পাঁচ,2
চিপ্সের,2
চুলে,2
টুলে,2
গলা,2
মহিলাা,2
দু,2
ছেড়ে,2
সবার,2
ডিব্বার,2
পাটির,2
পানের,2
সুতা,2
গহনা,2
ঝুলানো,2
ঊপর,2
বাতির,2
দালানের,2
আবর্জনা,2
পোলের,2
কাকড়া,2
আসবাবপত্র,2
ক্যাঙ্গারু,2
দৌড়িয়ে,2
সোফাতে,2
বাবার,2
লিখছে,2
গুটিয়ে,2
রিমোট,2
টানছে,2
বালিকা,2
শিশিতে,2
টিকিট,2
চালায়,2
আমি,2
চালাতে,2
করি,2
প্রজাতির,2
বালুর,2
কেটে,2
লৌকা,2
একজনকে,2
একটু,2
দুধ,2
নাই,2
আচ্ছে,2
হাউজ,2
যাই,2
বুথ,2
ছিএনজি,2
আরাম,2
শহর,2
যাচ্ছি,2
জ্যামের,2
আছি,2
খাওখা,2
হাফ,2
মন্দির,2
পিছলে,2
খেলাধুলা,2
ল্যাপটপ,2
বাসের,2
তিনদিকে,2
বাংলাদেশের,2
দুইপাশে,2
ছেলেগুলা,2
পাতলা,2
কড়াই,2
লেজ,2
গরম,2
সোফা,2
পাইপ,2
নাচের,2
স্টুডিওতে,2
আসার,2
পড়েছে,2
ফ্লাইটের,2
নয়,2
উত্তেজিত,2
দাগযুক্ত,2
সুরক্ষা,2
চালাচ্ছেন৷,2
সড়কে,2
ট্রাক্টর,2
বুন্ড,2
রংধনুর,2
প্রাপ্তবয়স্কদের,2
ভিতরে,,2
প্রিয়,2
স্ট্রিং,2
অন্তত,2
ক্ল্যারিনেট,2
বাজাচ্ছেন৷,2
প্রবেশপথের,2
চিত্রিত,2
গ্লাভস,2
রাখার,2
আরেকজনের,2
লেখার,2
স্ল্যাক,2
টকিতে,2
ব্যবসায়িক,2
থামে,2
মেশিনের,2
হাতাবিহীন,2
জার,2
সহায়তা,2
ধরে,,2
বলার,2
যাওয়ার,2
জলখাবার,2
চিপস,2
যানবাহনে,2
ম্যাকডোনাল্ডে,2
চাঁদের,2
যানজটের,2
বেলুনের,2
প্রত্যেকের,2
হাস্যোজ্জ্বল,2
ওভারঅল,2
সারিবদ্ধভাবে,2
পর্বতারোহী,2
ক্লিফ,2
বন্য,2
ক্যাম্পিং,2
পিক,2
ব্যান্ড,2
বাজছে,2
গায়ক,2
যাতে,2
মায়ের,2
গর্বিত,2
সমর্থন,2
নেড়ে,2
প্রাচ্যের,2
বৃদ্ধের,2
টপে,2
ধাপে,2
ব্ল্যাক,2
ল্যাবটি,2
ক্যাপচার,2
উঠানে,2
বস্তুতে,2
ক্রুচ,2
রিঙ্কে,2
ভবন,2
মুদিখানার,2
স্ট্যান্ডের,2
প্রাচ্য,2
রাখছে,2
থাকার,2
বুনো,2
কনসার্টে,2
ইলেকট্রিক,2
আঘাত,2
মিস,2
বেলচা,2
সিমেন্ট,2
ঝুড়িতে,2
শাকসবজি,2
ভিড়কে,2
বস্তু,2
ঘড়িতে,2
পরে,,2
ইগলুর,2
এড়াতে,2
দিচ্ছেন,,2
কিছুক্ষণ,2
প্লেটে,2
আগে,2
বাস,2
দেখানো,2
চালানো,2
বাইকে,2
জন,,2
টবে,2
জনাকীর্ণ,2
হাইকাররা,2
ট্র্যাক,2
শ্বাস,2
ভ্রমণ,2
ভারতীয়,2
বাঁকছেন,2
স্যান্ডেল,2
কুঁকড়ে,2
বাড়ি,2
সকার,2
আবহাওয়া,2
স্কেটবোর্ড,2
স্কেটবোর্ডে,2
বাচ্চা,,2
মদ্যপান,2
কারো,2
ওয়াকি,2
হ্যান্ডব্যাগ,2
হাসতে,2
ডিনার,2
বালিশের,2
বালিশ,2
ওপারে,2
বনে,2
খেলছে;,2
খেলছে,,2
চেয়ে,2
স্তূপের,2
স্তূপে,2
তীক্ষ্ণ,2
3,2
বালুকাময়,2
সোয়েটশার্ট,2
ব্যারেলের,2
করছেন,,2
উঠছেন,2
পার্টিতে,2
ঝাঁপিয়ে,2
চড়ছে,2
বিকিনি,2
পালক,2
ট্রেইল,2
ছয়,2
ট্যাঙ্কের,2
উঠোন,2
তাকাচ্ছে,2
অটোমোবাইলের,2
ইঞ্জিনে,2
পৃষ্ঠ,2
গুহায়,2
আঁকছেন,2
আফ্রিকান-আমেরিকান,2
উত্তেজনায়,2
মেশিনে,2
সাবধানে,2
মুঠি,2
হাতটি,2
করেছেন,2
হাসছেন,2
বেল,2
সুড়ঙ্গ,2
বাধা,2
জিন,2
জিমন্যাস্টিক,2
মরীচি,2
আলোচনা,2
লোকটা,2
হাওয়ায়,2
রাইডের,2
ইভেন্টের,2
স্থাপন,2
সমস্ত,2
পূর্ণবয়স্ক,2
ব্যক্তিটির,2
উড়ে,2
পাহাড়,2
জমিতে,2
যন্ত্রটি,2
নিক্ষিপ্ত,2
ঘাসগুলি,2
গর্তের,2
আরো,2
সেলফি,2
রিকশাচালক,2
রংয়ের,2
বৃক্ষ,2
দিগন্তে,2
বালিকার,2
ফ্লাইওভার,2
নামতে,2
প্রত্যেক,2
বিড়াল,2
গায়ের,2
রিবন,2
টায়ার,2
সমান,2
উভয়ই,2
বিন্যাস,2
ব্যবহারের,2
খুঁজে,2
জামাকাপড়,2
হাতের,2
দরজায়,2
ট্রেনটি,2
সেইসাথে,2
প্রভাবশালী,2
হল,2
উচ্চারণ,2
হাঁটছে,,2
সিলুয়েটগুলি,2
বোতাম,2
চিন্তায়,2
মগ্ন,2
সাম্প্রতিক,2
নিজেই,2
শান্ত,,2
সৌন্দর্যের,2
মনোনিবেশ,2
গাছগুলি,2
মেঝেটি,2
ম্যানিলি,2
মোটরসাইকেলটির,2
মুহূর্তটি,2
ধানক্ষেতের,2
পেঁচানো,2
কাঁটা,2
ধান,2
ক্ষেতটি,2
থাকায়,2
ডেবে,2
প্রসারিত,,2
পটভূমি,2
দেহ,2
সরবরাহ,2
এটিকে,2
তোলে,2
যায়,,2
দূরত্বে,,2
অত্যাশ্চর্য,2
মৃদু,2
আছড়ে,2
শিশুটির,2
বাড়িয়ে,2
আমের,2
হাঁড়িতে,2
তোয়ালে,2
অস্পষ্ট,2
সামান্য,2
মেঘলা,2
মেঘলা,,2
অনুভূতি,2
দুজনেরই,2
পটভূমিটি,2
গাছটি,2
ছুঁয়েছে,2
আশ্রয়,2
খোঁজে,2
লাঙ্গল,2
ভ্যানে,2
জলজ,2
পরিবহনের,2
সংযুক্ত,2
স্প্রে,2
সত্যিই,2
গ্রাফিতি,2
আকার,2
আকর্ষণীয়,2
লোকটিকে,2
অবস্থিত,2
আরামে,2
আরাধ্য,2
মাথাটি,2
বারান্দা,2
আসবাবপত্রের,2
তাকায়,,2
দৃষ্টি,2
অদেখা,2
প্রতিরক্ষামূলক,2
বছর,2
ঝলমলে,2
ব্রাউজ,2
ফ্রেমের,2
বিন্দুযুক্ত,2
ঘূর্ণায়মান,2
বুট,2
পনিটেলের,2
টানা,2
যুবককে,2
যান,2
অ্যারে,2
গোলাপী,,2
নরম,2
সূর্যকে,2
উঁকি,2
মারতে,2
কিছুই,2
গুরুতর,2
আপাতদৃষ্টিতে,2
কোন,2
সুরক্ষার,2
ছাড়া,2
ছড়িয়ে,2
ফলকটি,2
গেটের,2
তুলতে,2
ঢুকে,2
ব্লেডের,2
বয়ে,2
হাফপ্যান্ট,,2
মাইল,2
অংশে,,2
বেড়ে,2
ওপরের,2
বর্ণ,2
বন্ধুদের,2
ঝরঝরে,2
খোঁপায়,2
নেওয়া,2
ইনডোর,2
ভেন্যুতে,2
দুজনের,2
রেখেছেন,,2
ছুড়ে,2
ল্যান্ডস্কেপে,2
গ্লাস,2
সমন্বয়ে,2
কাঠামো,2
নকশা,2
আরোহীর,2
আসন,2
ছোপ,2
সামনে,,2
আরামদায়ক,2
ম্লান,2
ফাঁকে,2
শান্তিপূর্ণভাবে,2
ম্যুরাল,2
সকলেই,2
আনন্দ,2
অন্যের,2
কুঁচকে,2
কার্ট,2
উভয়ের,2
জুতার,2
ছুঁড়ে,2
ডালপালা,2
দৃশ্যমান,,2
চলার,2
রাইডারের,2
প্যাডেলের,2
ট্রাইসাইকেলে,2
৷,2
দিক,2
কুমার,2
নামে,2
সানগ্লাসও,2
শর্টস,,2
অতিক্রম,2
দিকে,,2
গোড়িলা,2
হাতির,2
প্রদর্শনের,2
জন্য।,2
স্কাউটদের,2
আইসক্রিমের,2
থাকে।,2
তরুণী।,2
অবাক,2
কফি,2
তাক,2
বিক্রেতারা,2
লক্ষ্যে,2
থামিয়ে,2
গোলরক্ষক,2
প্রতিপক্ষ,2
দেখায়।,2
যন্ত্রপাতি,2
পেশাদার,2
গ্যাপ,2
শঙ্কু,2
তরুণ-তরুণী,2
ডায়েট,2
মুসলিম,2
জায়গার,2
প্রবেশের,2
অপেক্ষায়,2
ওয়েলকাম,2
বাইকারস,2
ভবনে,2
মারছে।,2
ট্রাক,2
নামিয়ে,2
হচ্ছেন।,2
কনভেয়র,2
নিয়ে।,2
ছেলে।,2
নেয়।,2
গ্র্যান্ড,2
পেইন্টিং,2
ভাগ,2
ক্রুশের,2
ঘোড়াকে,2
লাগাচ্ছে।,2
আঁচড়াচ্ছে।,2
চাল,2
নড়াচড়া,2
ঝর্ণায়,2
দেয়।,2
আনুষ্ঠানিক,2
দম্পতি,,2
চলমান,2
যমজ,2
আকৃতির,2
মোজাবিশেষ,2
পুরুষ।,2
পরেছে।,2
ফ্লোরিডা,2
খেলোয়াড়,,2
পাওয়ার,2
স্পঞ্জ,2
কিনারা,2
সহ।,2
বেল্ট,2
চাইছে।,2
চালাচ্ছে৷,2
স্কুটার,2
গানের,2
ডজন,2
পালন,2
দুপুরের,2
সংখ্যক,2
শুরু,2
গ্রাহকরা,2
পার্স,2
মূর্তির,2
বক্তৃতা,2
পুরুষদের,2
পোলো,2
নাইকি,2
গল্ফ,2
সাইনের,2
থামে।,2
শ্রেণীর,2
পরিবার।,2
দূরবীন,2
দূর,2
স্যান্ডেলের,2
রিফ্লেক্টিভ,2
চেইনসো,2
দুজন।,2
শিকারের,2
সাউন্ডবোর্ড,2
অনুষ্ঠানে,2
সাউন্ড,2
চেকার,2
প্লেইড,2
প্রাচীরের,2
আলাদা,2
ক্ষুদ্র,2
সোফায়,2
চুষছে।,2
দেশে,2
"থাম্বস,2
আপ",2
সাইন,2
থাম্বস,2
লড়াইয়ের,2
প্রার্থনা,2
হাততালি,2
নারী।,2
স্টলে,2
কিনছেন।,2
পরা।,2
মেয়ে।,2
মেয়েদের,2
ক্যানের,2
সোডা,2
মুখোশ,2
অফিসে,2
ডুব,2
চুনের,2
জরুরী,2
ফেলছে।,2
বাজছে,,2
ডাউনটাউন,2
কার্নিভাল,2
মুকুট,2
পাটি,2
মেট্রোপলিটন,2
রান্নার,2
শেফ,2
গোঁফওয়ালা,2
স্টেক,2
কসাই,2
গ্রাহকদের,2
নির্দেশনা,2
সম্বোধন,2
স্প্রিংকলার,2
ওয়াটার,2
3টি,2
ঝুড়ির,2
জন্মদিন,2
মার্বেল,2
দাঙ্গা,2
রাখে।,2
ওয়াটারস্কিয়ার,2
রেলের,2
মধ্যযুগীয়,2
রেনেসাঁ,2
হাঁটতে,2
কাছ,2
স্ট্র্যাপ,2
সঙ্গীর,2
বুফে,2
স্যাক্সোফোন,2
চালাচ্ছে।,2
শেফের,2
সরু,2
বাজার।,2
খেলোয়াড়রা,2
বাধার,2
ডোনাট,2
আমেরিকার,2
মানুষ.,2
বর্শা,2
ম্যাচ।,2
বক্সার,2
বক্সিং,2
জড়িত,2
সোর্ডফিশ,2
অপেক্ষায়।,2
উঠানের,2
দাড়িওয়ালা,2
চিড়িয়াখানায়,2
নাম,2
ডিঙি,2
ব্লিচারের,2
সোয়েটশার্ট,,2
মুহূর্ত।,2
গুঁড়িতে,2
গুঁড়িতে।,2
নিয়ে।,2
সময়।,2
পেলিচানের,2
পেলিচান,,2
ভাসছে।,2
পরিবেশ।,2
মেয়েরা।,2
রাস্তায়,,2
মধ্যে,,2
খাঁচা,,2
দৃষ্টি।,2
দুঃখের,2
ছায়া।,2
উড়ন্ত,2
হাজার,2
ঝাঁক।,2
সৌন্দর্য,,2
আলোতে,,2
স্পষ্ট,2
জীবন্ত,2
কবুতর,,2
কবুতর।,2
শোভিত,2
কাঠঠোকরা,2
সৌন্দর্য।,2
কৃমি,2
টার্কি,2
দৃপ্ত,2
দেখভাল,2
দুর্দশা,,2
সুস্থ,2
দাঁড়িয়ে,,2
আলোয়,,2
সকালের,2
ধানক্ষেতে,,2
,হাতে,2
খাওয়াচ্ছে।,2
পড়েছেন,1
রেগে,1
অগনিত,1
নিছেন,1
ডালাতে,1
পরিয়ে,1
চাদের,1
আঙ্গুলে,1
সেনডেল,1
ঘিয়া,1
বোজায়,1
গিয়েছে,1
বাদামের,1
লোকগুলো,1
প্রান,1
বোয়ামে,1
বোয়াম,1
জামায়,1
মেখে,1
দেইয়াল,1
দা্রিয়ে,1
দাড়িইয়ে,1
ঠেলা,1
বাঁকা,1
গোমরা,1
চোক,1
দাত,1
বগির,1
মেয়ের,1
দৌড়ে,1
একট,1
দিয়েছেন,1
ভার,1
খোপা,1
বালিশে,1
গুমিয়ে,1
পরছে,1
করতেছে,1
নেওকা,1
মইলা,1
পরেনে,1
নওকা,1
বনধুক,1
মাথ্য,1
ধুতি,1
ভাতের,1
শাখা,1
পলা,1
,লাল,1
তুলি,1
মুট,1
বাসন,1
গুছিয়ে,1
চিঠি,1
,গলায়,1
টাঙ্গানো,1
ভাবছে,1
আহত,1
রক্তের,1
চুড়ি,,1
মেয়েে,1
ভাবছেন,1
পাইজামা,1
আকাশি,1
ফুটে,1
উঠেছে,1
দাড়া,1
কাপড়ের,1
এক্নটি,1
পুরনো,1
চুোখে,1
পেরে,1
মহিলয়া,1
তাপমাত্রা,1
জলপটটি,1
মহিিলার,1
মাইকে,1
পরাে,1
ছাাতা,1
মালামাল,1
হ্লুদ,,1
ঝুড়িতে,1
হরেক,1
ওপরে,1
সিড়ী,1
গলাায়,1
গলাপি,1
বাাচ্চা,1
খাটের,1
শাড়ি,,1
র,1
বাড়িয়ে,1
বিরক্ত,1
শরীরে,1
জানালায়,1
জ্বালিয়েছে,1
চিরুনি,1
থালার,1
পাানির,1
পরো,1
পরেছেে,1
জ্বলতে,1
ব্যাগে,1
বাঁশির,1
কোকরা,1
পিড়ি,1
খাঁচাটি,1
বাটি,1
ঝুপড়ির,1
জগ,1
,লোক,1
খায়,1
চামচ,1
বেঁধে,1
মাকে,1
টিয়া,1
মায়ের,1
দাড়,1
করিয়ে,1
তরকারি,1
চুলায়,1
পাতিলটি,1
চুলাতে,1
পিড়িতে,1
মসলার,1
মেয়েকে,1
টকা,1
বাহির,1
সেভেন,1
দুইড়ি,1
তাতে,1
মুর্তি,1
বাতি,1
মসজিদের,1
ঠেলাগাড়ির,1
সজানো,1
ডাস্টবিনের,1
মেরুন,1
সিএন,1
জি,1
ফুসকা,1
পাত্রের,1
কাকড়ার,1
গাছপালার,1
পারা,1
উলটে,1
কাগজপত্র,1
কলমের,1
সৈনিকের,1
দেখতেছে,1
সিড়ি,1
রয়েল,1
বেঙ্গল,1
টাইগার,1
শান্তো,1
পছন্দ,1
তলে,1
ছেলেটির,1
বস্তা,1
নেমেছে,1
লেক,1
পাঠ,1
ভেজানো,1
নৌকাটি,1
উথানের,1
ছয়জন,1
বালতির,1
বিউটি,1
পার্লার,1
নামাজের,1
জাইনামাজ,1
কুশুর,1
আপেল,,1
কমলা,,1
খাজুর,1
মানুষজন,1
পেপে,,1
আম,,1
বাতাবি,1
চা,,1
কিনছে,1
পাশদিয়ে,1
যাছে,1
মগ,,1
কলমদানী,1
কানুষজন,1
রডের,1
হোটেল,1
এনং,1
কিনতে,1
সমজি,1
এলজন,1
জালানো,1
সরবত,1
মিল,1
করছ,1
বিরিয়ানির,1
হাড়িতে,1
পাওয়া,1
পরিস্কার,1
বুথে,1
ঝুড়ির,1
ছিএঞ্জির,1
যাত্রীর,1
নামাচ্ছে,1
কৌটা,1
তালা,1
লাগালো,1
দোয়া,1
খাচ্ছি,1
গেঞ্জিতে,1
জড়ানো,1
তেদের,1
বিকেলের,1
এবনফ,1
উঠেয়ে,1
উঠিয়ে,1
বেড়া,1
দেয়া,1
চাকু,1
বন্ধো,1
গুমাচ্ছে,1
সুপ,1
ছকে,1
টিপে,1
মানচিত্র,1
হাসাহাসি,1
হাটুতে,1
ব্যাম,1
দাড়ায়,1
সেভ,1
গোহনা,1
দেই,1
কেনার,1
তেলে,1
ছাড়া,1
চালাই,1
আলমারি,1
রঙ্ঘে,1
স্কুল,1
রেডিও,1
\একটা,1
লোোক,1
ছুল,1
অ,1
লকগুলর,1
খোঁচাচ্ছে,1
শার্টটি,1
বাদকের,1
কস্টুমার,1
রেলিংয়ের,1
হিপ,1
মানিব্যাগ,1
নৃত্যশিল্পী,1
সূর্যালোক,1
মধ্য-জাম্পে,1
ধরা,1
নর্তকীরা,1
ফর্ম,1
কক্ষে,1
বাঁকছে,1
ক্লাস,1
সিকোয়েন্সে,1
ত্রিকোণ,1
জাতের,1
ট্র্যাক্টর,1
ট্র্যাক্টরগুলি,1
ক্রুজ,1
সহজেই,1
নিওন,1
সিফটার,1
পাউডার,1
কেকে,1
চকোলেট,1
ছেঁকে,1
প্যান,1
আঙুলের,1
পেইন্টে,1
বাটিতে,1
বেণীওয়ালা,1
বেণীর,1
কুকুরও,1
ফাঁস,1
মুশি,1
সঙ্গীতশিল্পী,,1
(বাঁশি,1
করে),1
হয়েছিল,,1
ধরেছিল,1
সুর,1
ক্লারিনেট,1
যন্ত্রশিল্পী,1
পর্দার,1
বাজান,1
মিউজিক,1
যন্ত্রে,1
তাকাচ্ছেন৷,1
এলাকার,1
ল্যাটেক্স,1
পিঠের,1
অংশে,1
লাগাচ্ছে,1
উলকি,1
চর্চা,1
টিটর,1
টটারে,1
সেতুতে,1
জালে,1
প্রশিক্ষিত,1
হ্যান্ডলারের,1
ওয়াচ,1
ডগ,1
খুঁজছেন,1
জার্মান,1
শেফার্ড,1
অনুসন্ধান,1
থামছে,1
লট,1
কলেজগুলি,1
মিটিং,1
নিতে,1
কারখানার,1
কর্মরত,1
শিবির,1
টুপিওয়ালা,1
মেশিনারিতে,1
কর্মক্ষেত্রে,1
ককেশীয়,1
কৃষ্ণাঙ্গ,1
বাক্সে,1
প্যাক,1
গুদাম,1
ব্যবস্থাপক,1
কর্মচারীকে,1
স্থাপত্য,1
বেবি,1
বটম,1
অপসারণের,1
কিমোনো,1
ফ্লোরসেন্ট,1
ড্রাইভারের,1
ঝুঁকছেন,,1
চেকপয়েন্ট,1
রেঞ্জার,1
পর্যটকের,1
দাঁড়,1
করানো,1
রূপালী,1
প্লাজায়,1
সেগওয়ে,1
টাইপ,1
বিজ্ঞাপনের,1
আধুনিক,1
প্রশংসাকারী,1
মনোযোগ,1
সুন্দরী,1
স্বামীর,1
সম্প্রতি,1
বিবাহিত,1
বিয়ে,1
ম্যাকডোনাল্ডের,1
নিন্টেন্ডো,1
কন্ট্রোলারের,1
ম্যাকডোনাল্ডস,1
গেম,1
ম্যাকডোনাল্ডস-এ,1
কিয়স্কের,1
কানওয়ালা,1
ঘুরিয়ে,1
কমলার,1
নাড়াচ্ছে,,1
পুনঃমিলন,1
পুরোদমে,1
উচ্ছ্বাসে,1
স্প্যানিশ,1
ব্লাউজ,1
খাচ্ছেন,,1
বার্গার,1
স্যান্ডউইচ,1
নিয়ে,,1
বেরিয়েছে,1
সাত,1
বেলে,1
আরোহন,1
কোলাজ,1
কাগজের,1
ভ্রমণের,1
মাধ্যমে,1
স্কেলিং,1
মাপতে,1
ক্র্যাম্পন,1
করেন,1
জলপ্রপাত,1
স্কেল,1
আরোহণকারী,1
গ্রামবাসী,1
পেঁয়াজ,1
শ্রোতাদের,1
কনসার্টে,,1
গায়কের,1
শ্রোতা,1
বলা,1
ভাগ্যবান,1
তেরো৷,1
কনসার্টের,1
পাঙ্ক,1
রকার,1
কাঁধের,1
সমকামীদের,1
প্যারেড,1
চলাকালীন,,1
দেখানোর,1
বর্ণালী,1
রামধনু,1
নেড়েছে,1
দেখছে,,1
প্যানের,1
স্টক,1
নজরে,1
ছাদের,1
স্টেজে,1
গাইছেন৷,1
কারাওকে,1
কলেজ-বয়সী,1
চকলেট,1
খেলনাটি,1
দেরি,1
ড্রাইভওয়েতে,1
ফুসফুস,1
হিসাবে,1
স্ন্যাপ,1
গোলের,1
পাহারা,1
আড়াল,1
ছেলেটাকে,1
বলছে,,1
আমাকে,1
জেল,1
দাও,1
চায়,1
ম্যাচিং,1
পাগড়ি,1
স্ট্রলার,1
ব্যান্ড-এইড,1
ট্রিটে,1
খায়,1
থালায়,1
পিৎজা,1
বেকড,1
কেন্দ্রের,1
শো,1
দোলা,1
বাজিয়েছেন,1
টেনিস,1
ব্যাট,1
সফ্টবল,1
বলটি,1
স্ট্রাইক,1
সফটবল,1
ব্যাটার,1
ফেরি,1
লাইফ-ভেস্ট,1
চড়ছেন,1
অসমাপ্ত,1
প্রান্তের,1
সতর্কতা,1
টেপের,1
পরিখায়,1
ফিলার,1
প্যাটিওতে,1
ধার,1
ভেলা,1
ওঠা,1
কায়কার,1
খোসা,1
ছাড়ছিলেন,1
মেয়েটির,1
কামড়াচ্ছে,1
ব্যাকগ্রাউন্ড,1
বহুজাতিক,1
এগারো,1
শীতকালে,1
বিনি,,1
জ্যাকেট,,1
শীতকালীন,1
হাইকিংয়ের,1
কেবিনের,1
বোঝানোর,1
চুপচাপ,1
শিক্ষার্থী,1
হোম,1
রান,1
খেলায়,1
বেস,1
রানারকে,1
স্থান,1
পেয়েছে,1
...,1
বেটি,1
বুপ,1
কৌশলে,1
হচ্ছেন৷,1
ক্রসওয়াক,1
বাইসাইকেলে,1
যুবকটি,1
পক্ষে,1
সহকর্মীর,1
সমর্থিত,1
ব্যান্ডানা,1
গ্রাফিক,1
রুমাল,1
টব,1
টবের,1
বনাঞ্চলে,1
ভ্যাট,1
বাষ্প,1
কিশোর-কিশোরী,1
তলদেশ,1
হাইকার,,1
ক্রিক,1
বেড,1
হাইকার,1
খাঁড়ির,1
বিছানা,1
স্রোত,1
বেগুনি,,1
ধুচ্ছেন,1
পৃথক,1
সম্পূর্ণ,1
দেখছেন,,1
ঝোপঝাড়ের,1
বহুবর্ণ,1
উঠোনের,1
তাকাচ্ছে৷,1
বিরতির,1
বসন্তের,1
কৌতুক,1
সম্পাদন,1
স্কেটবোর্ডের,1
যুবতী,,1
নাড়াতে,1
কিশোরের,1
নাড়াচ্ছেন,1
মেলাচ্ছেন,1
নাড়ছে,1
ট্রলি,1
লোকজনকে,1
সরে,1
গণপরিবহন,1
ঘোষণা,1
বহু,1
বহনকারী,1
তুলেছেন,1
বংশোদ্ভূত,,1
দিয়েছেন৷,1
সহ,,1
মুচির,1
খাকিতে,1
পায়জামা,1
বিছানায়,1
মারামারি,1
বালিশ-মারামারি,1
আই-বিমের,1
দেহের,1
বাসস্টপ,1
ঘুমাচ্ছেন,1
স্টপের,1
ছোটটি,1
দেখেছিল,1
ক্রান্তীয়,1
বডি,1
ব্যাকহো,1
ছিদ্র,1
রেসিং,1
রেসের,1
বাঁকের,1
পুডলের,1
চালকদের,1
রেসে,1
বাইকাররা,1
মোড়,1
নেয়৷,1
প্রতিযোগিতায়,1
বেতওয়ালা,1
SUV,1
পিকআপের,1
মাদুরের,1
যানবাহনের,1
ভূখণ্ডে,1
ডোবারম্যানকে,1
প্যামফলেট,1
সংক্রান্ত,1
তথ্য,1
বাধাগ্রস্ত,1
ম্যাগাজিন,1
ঘাসযুক্ত,1
নিভৃত,1
সিসা,1
ট্রাম,1
দাঁড়িয়েছেন,1
কর্মীরা,1
বয়স্ক,,1
নামছেন,1
স্ক্যাফোল্ডের,1
ভারার,1
ভারা,1
চৌদ্দ,1
ডাইনিং,1
মঞ্চ,1
টাইল,1
মিশেছে,1
মঞ্চের,1
জমায়েত,1
আংটির,1
স্লাইডে,1
জাম্পহাউসে,1
পোলারিস,1
খেলত,1
ভাজছেন,,1
ফ্রাইং,1
প্যানে,1
ভাজছেন,1
রান্নায়,1
স্যামন,1
জমকালো,1
তরুণীর,1
সিকুইড,1
ক্রসকান্ট্রি,1
স্কিয়ার,1
স্কাইয়ার,1
স্কিয়াররা,1
যুবকদের,1
পিচে,1
পশ্চিম,1
মরুভূমিতে,1
চেপে,1
বেষ্টিত,,1
গ্রীষ্মে,1
পুরানো,,1
অ্যান্টিক,1
হুডের,1
চেহারা৷,1
ট্রাকে,1
সূর্যালোকে,1
স্নান,1
স্পেলঙ্কাররা,1
গুহার,1
খাদ,1
স্পেলঙ্কার,1
ক্লাইম্বার,1
গম্বুজের,1
শস্যাগারের,1
ইলিনয়,1
মারছে,,1
কৌতুকপূর্ণভাবে,1
খুশির,1
কমপ্লেক্ট,1
বপন,1
উত্থাপন,1
উঁচিয়ে,1
মোটরসাইকেলের,1
খামারের,1
কিনছেন,1
তাঁতের,1
লগ,1
কেবিনে,1
বিকেল,1
রকিং,1
উড়িয়ে,1
জিন-পরিহিত,1
উড়িয়েছে,1
বাধ্যতামূলক,1
আসছে৷,1
করগি,1
অগ্নিকুণ্ডের,1
তাকালো,1
পোলকা,1
ডটেড,1
ব্যালেন্স,1
উত্থিত,1
বিম,1
নীল-হলুদ,1
ঝাঁকড়া,1
অঙ্গভঙ্গি,1
পাইন,1
মিড,1
জাম্পে,1
স্নোমোবাইলার,1
স্নোমোবাইলিং,1
বেড়াচ্ছে,1
ঝেড়ে,1
ট্রাপশনে,1
পৌঁছতে,1
দিয়েছে,1
লিফটারে,,1
আসলে,1
তুষারপাত,1
স্তুপ,1
ফোল্ডিং,1
ঘুরিয়েছে,1
ফোর,1
হুইলারে,1
ভূখণ্ডের,1
যানবাহন,1
মানুষ৷,1
ধরছে!,1
ভুট্টা,1
বায়ুবাহিত,1
চিত্রটিতে,1
কতগুলো,1
দাঁড়ানো,,1
বক,1
বসানো,1
নির্জন,1
চলাচলের,1
ঝুড়িতেই,1
মটরবাইক,1
অটো,1
বাহন,1
বালকের,1
হাস্যজ্জল,1
ছাই,1
পেছনের,1
অঙ্কিত,1
হওয়ায়,1
অবয়ব,1
পাঞ্জাবি,প্যান্ট,1
গোড়ায়,1
ভেড়ানো,1
পড়নে,1
ভাস্কর্যটিতে,1
ঘাটের,1
বৃদ্ধলোক,1
পাঞ্জাবি,লুঙ্গি,1
যাত্রীসহ,1
মাঝি,1
বৈঠা,1
গলায়,1
ফুলটির,1
টায়ার্টি,1
তাদেরকে,1
খুশি,1
ধ্বংসাবশেষের,1
ছেয়ে,1
গেছে,,1
পচে,1
যাওয়া,1
গন্ধে,1
ভরে,1
মাছি,1
জগাখিচুড়ি,1
সত্ত্বেও,,1
উদ্ধারযোগ্য,1
সাবধানতার,1
পণ্যগুলি,1
দেখেছে,,1
সংকল্প,1
ভোজ্য,1
খুঁজছে,1
উদ্ভাসিত,1
ট্রিটটি,1
পায়,,1
তাজা,1
প্রশস্ত,,1
প্রত্যাশায়,1
তুলার,1
ক্যান্ডির,1
রঙগুলিকে,1
হাইলাইট,1
সুতির,1
ক্যান্ডি,1
বোর্ডের,1
স্বাচ্ছন্দ্য,1
দেখাচ্ছে,,1
সাদা;,1
সবুজ-হলুদ,1
পঙ্গু,1
কুয়াশাচ্ছন্ন,1
ক্ষীণ,1
ব্যক্তিত্বই,1
চলেছেন৷,1
বৃষ্টি,1
তুষারপাতের,1
আর্দ্রতায়,1
বিল্ডিংগুলি,1
শব্দ,1
ছাড়া৷,1
ভয়ঙ্কর,1
কুয়াশায়,1
কমলা-বাদামী,1
পরিসংখ্যানের,1
বাকিদের,1
আলাদা,,1
সবেমাত্র,1
অস্তমিত,1
ইথারীয়,1
রহস্যময়,1
মুহুর্তে,,1
ব্যক্তিরা,1
শিশুটিকে,1
উদ্বিগ্ন,1
ক্রস,1
উভয়েই,1
পটভূমির,1
দাঁড়িয়েছে,1
তবে,1
অনুমান,1
সাহায্যের,1
প্রয়োজন,1
চারজনের,1
হয়েছে৷,1
পরেছে৷,1
মাটিকে,1
রাখে,,1
বুম,1
পরিষ্কারের,1
আকাশ-নীল,1
বাঁচতে,1
টায়ার,,1
ভ্যান,,1
অটোরিকশা,1
রিকশাও,1
সিলুয়েট,1
মেঘগুলিকে,1
অদৃশ্য,1
রেখেছে,,1
ফ্যাব্রিক,1
নামার,1
টায়ার,1
সোয়েটার,1
ফ্রক,1
বিস্তৃতির,1
বিস্ময়-অনুপ্রেরণামূলক,1
উপযুক্ত,1
নির্মলতা,1
শান্তির,1
মুহূর্ত,1
আপনি,1
পরেও,1
আপনার,1
থাকবে,1
বিক্ষিপ্ত,1
প্রতিফলন,1
উপরিভাগ,1
ঝিকিমিকি,1
জাদুকরী,1
উড়তে,1
রেখার,1
পরিসংখ্যান,1
চারা,1
বায়ু,1
শুধুমাত্র,1
ঢেউ,1
উপকূলে,1
প্রশান্তি,1
পাড়তে,1
ছেঁড়ার,1
নাগাল,1
পাচ্ছে,1
ইটে,1
বদ্ধ,1
থ্রি,1
পিস,1
ওড়না,1
জায়গাটি,1
পরিত্যক্ত,1
প্রাচীরটি,1
আবহাওয়াযুক্ত,1
বাক্সের,1
যেগুলো,1
সামগ্রী,1
অশুভ,1
মাছটিকে,1
ঈল,1
স্বতন্ত্র,1
আকৃতি,1
একরঙা,1
চেহারা,1
অগ্রভাগের,1
চিত্রগুলিকে,1
জোর,1
শক্তিশালী,,1
ছাউনির,1
প্যাঁচা,1
দুটিকে,1
আগানোর,1
নির্দেশ,1
ভ্যানচালক,1
শাঁখা,1
ভ্যান,1
ভ্যানচালকের,1
গতি,1
উদ্ভিদে,1
বালকটি,1
আনছে,1
মাছগুলো,1
সংগ্রহ,1
প্ল্যাটফর্মের,1
মাত্র,1
রেললাইনটি,1
প্লাটফর্মের,1
কৃষ্ণচূড়ার,1
পালা,1
ট্র্যাক্টরে,1
ট্রেলারের,1
উদ্দেশ্যে,1
ওয়েটস্যুট,1
তরঙ্গগুলি,1
উপকূলরেখার,1
পড়ছে,,1
ফেনা,1
চিত্তাকর্ষক,1
বিস্তৃতি,1
উপকূলের,1
মিলিত,1
দিনমজুর,1
তালগাছ,1
খেজুর,1
গ্রীষ্মমন্ডলীয়,1
অর্থবহ,1
দাড়িয়ে,1
সবুজে,1
ঘাসটি,1
প্রাণবন্ত,,1
ব্যাকগ্রাউন্ডে,,1
গাঁট,1
ঠেলাগাড়ির,1
তাকাচ্ছেন,,1
তোয়ালেটির,1
হুড,1
অস্পষ্ট,,1
যাত্রীদের,1
যাত্রীকে,1
হাঁটুর,1
এছাড়াও,1
তাঁবু,1
ছাপ,1
রঙগুলি,1
নিরপেক্ষ,1
টোনের,1
বৈপরীত্য,1
লোহার,1
শিথিলতা,1
তৃপ্তি,1
প্রকাশ,1
প্রাণীটির,1
প্রকৃতি,1
ঘটে,1
টেবিলগুলি,1
কুলা,1
কমই,1
ভঙ্গি,1
কুলাটি,1
টর্চ,1
জন্য,,1
শিখার,1
তীব্র,1
স্ফুলিঙ্গ,1
মুখকে,1
কাজে,1
গ্রাইন্ডার,1
ব্যবহৃত,1
সরঞ্জামগুলির,1
যন্ত্রাংশ,1
কার্যকলাপের,1
গুঞ্জন,1
কামিজ,1
ঘুরানো,1
মেয়েটিকে,1
দেখায়৷,1
উপস্থিতদের,1
বিক্রয়ের,1
মাঝখানে,,1
পনিটেলে,1
হ'ল,1
আচ্ছাদিত,1
পাহাড়গুলি,1
গাঁটি,1
চওড়া,1
ট্রাক্টরের,1
হ্যান্ডেলে,1
ট্রাক্টরটি,1
বিবর্ণ,1
ট্র্যাক্টরের,1
ইঞ্জিনটি,1
অলস,1
গর্জন,1
আড়াআড়ি,1
শান্তভাবে,1
বেষ্টিত,1
ওয়ানসি,1
ঘুমে,1
পাপড়ির,1
কোমলের,1
ফুলপাতা,1
সৌন্দর্যকে,1
আমন্ত্রণমূলক,1
স্বাভাবিকভাবে,1
চলাফেরা,1
চেইন-লিঙ্ক,1
নেই,1
হারিয়ে,1
ভিজা,1
গাড়িটি,1
সেটি,1
ইঞ্জিন,1
উইন্ডশীল্ড,1
নেই,,1
তাই,1
উপাদানগুলির,1
অবশ্যই,1
নির্ভর,1
অগ্রভাগে,1
রয়েছে৷,1
পাম,1
কমলা-গোলাপী,1
দৈনন্দিন,1
কজন,1
পূর্ণ,1
মুহূর্তের,1
মধ্যেই,1
বিল্ডিংটিতে,1
কয়েকটিতে,1
অন্যটিতে,1
সঙ্গ,1
কোমর,1
একজোড়া,1
বাহুগুলি,1
চকচকে,1
ফোঁটাগুলির,1
চাপ,1
বুট,,1
ধরেছেন,1
দেয়ালটি,1
লতাপাতার,1
মহাসড়ক,1
চলাচল,1
তাড়াহুড়ার,1
যানবাহনগুলি,1
রঙের,,1
পর্যন্ত,,1
যানজটে,1
আটকে,1
চারদিকে,1
আঁকা,,1
স্থির,,1
সূর্যালোকের,1
প্রাণীটিকে,1
একরকম,1
পশুর,1
মালবাহী,1
বুদ্ধিমান,1
গ্রাফিতিতে,1
আচ্ছাদিত,,1
চরিত্র,1
বিশালতার,1
তাকাচ্ছেন,1
রাইডারটি,1
ঘেরা,,1
গোড়ালি,1
কনুই,1
ল্যাপটপে,1
যেটা,1
লেগিংস,1
জুসি,1
কউচার,1
ল্যাপটপের,1
স্ক্রিনে,1
ধাতুর,1
হাতিয়ার,1
লাঙল,1
টুলটিতে,1
হ্যান্ডেল,1
উল্টানোর,1
সিলভার,1
ব্লেড,1
টানা.,1
সূর্যমুখী,1
টেবিলটি,1
টাওয়ার,1
ভবনটি,1
খিলান,1
গঠিত,1
মহিমান্বিত,1
কাবা,1
অলঙ্কৃত,1
যেকোন,1
সম্ভাব্য,1
বিপদ,1
রাইডাররা,1
প্রতিটি,1
পথটি,1
ওয়াকওয়ে,1
হাউসপ্ল্যান্ট,1
টেনেছেন৷,1
বেলুনগুলি,1
হৃদয়ের,1
আকারে,1
হ্যান্ডেলবারগুলি,1
বাইকটিতে,1
টায়ারের,1
উপরিভাগে,1
গ্রিপ,1
ট্রেড,1
অনুমতি,1
শিথিল,1
বিড়ালের,1
গলির,1
শুকাতে,1
দেখায়,,1
বৃষ্টিতে,1
ট্র্যাকগুলি,1
ভিজে,1
ট্র্যাকের,1
ফোঁটা,1
হীরার,1
টাঙ্গিয়ে,1
মোটরবাইক,1
অন্যথায়,1
আভা,1
দ্রাক্ষালতা,1
ফ্লাইওভারের,1
পিলার,1
পিলারের,1
ট্রাফিক,1
লাইটের,1
খুঁটির,1
অংশবিশেষ,1
একপাশে,1
গুল্ম,1
গেটে,1
ব্যক্তিই,1
বন্ধুত্বের,1
ট্রাউজার,,1
আত্মবিশ্বাসের,1
ব্যাজ,1
নিশ্চিন্তে,1
বেশিরভাগই,1
টি-শার্টের,1
পরেছে,,1
নিয়েছে,1
শব্দগুলি,1
দম্পতির,1
চিত্র,1
অবস্থিত,,1
পরিবেশকে,1
ছোট,,1
কুকুরছানাটি,1
থাবায়,1
ম্যাটেড,1
শরীরের,1
বিদ্যুতের,1
লাইনগুলি,1
তাল,1
পঞ্চাশের,1
.,1
মূর্তিটিতে,1
মূর্তি,,1
মূর্তিটি,1
মহিলাটিকে,1
নারীরই,1
বাঁকতে,1
মাঠটি,1
মাইলের,1
হাঁটুতে,1
আঁশটি,1
লেন্সের,1
দৌড়াতে,1
প্যাটার্ন,1
টি-শার্ট,,1
অপরিমেয়,1
উপস্থাপিত,1
হলেন,1
বিদ্যা,1
সিনহা,1
সাহা,1
মিম,,1
অন্যটির,1
কার্নেলগুলিকে,1
ছুঁড়ছেন,1
তাজা,,1
অংশটি,1
পূর্ণ,,1
কমলাগুলি,1
গাছপালাগুলির,1
ধরণের,1
কিছুতে,1
এখনও,1
চড়তে,1
তৃতীয়,1
সোনালী,1
স্পন্দনশীল,1
বিশ্বজিৎ,1
জয়,1
শাহরিয়ার,1
মুখেই,1
ভাব,1
কুমারের,1
জয়ের,1
কভার,1
দূরত্বের,1
রৌদ্রজ্জ্বল,1
ট্রাইসাইকেলের,1
হ্যান্ডেলবারে,1
কাপড়ে,1
আলনার,1
ছেন,1
আলনাটির,1
আকাশটা,1
অ্যাডভেঞ্চার,1
স্পট,1
বসতে,1
স্ট্র্যাপ,,1
কার্গো,1
চুলও,1
বাদামী,,1
চিবুক,1
ছবিটির,1
ঘাস,,1
গাছ,,1
বড়,,1
মহিষটি,1
সেখান,1
তরঙ্গ,1
মহিষে,1
রোদ,1
বিমানচালক-স্টাইলের,1
লাল-সাদা,1
বইমেলায়,1
প্রবেশদ্বারের,1
লোগো,1
এলাকাটি,1
প্রধানমন্ত্রী,1
পাড়ের,1
দেহরক্ষী,1
মন্ত্রী,1
লাইব্রেরিতে,1
তাকগুলোর,1
তাকগুলি,1
শেলফে,1
নোটবুক,,1
কলম,,1
পেন্সিল,1
স্টেশনারি,1
সরবরাহের,1
আইটেমগুলির,1
ভাণ্ডার,1
অন্যগুলি,1
এলোমেলোভাবে,1
ইন্ডোর,1
সঙ্গীতশিল্পীদের,1
ব্যান্ডের,1
সদস্যদের,1
সঙ্গীতশিল্পী,1
সঙ্গীতের,1
তালি,1
গায়েও,1
মহিলাও,1
উটের,1
উটকে,1
খুপরি,1
চড়েছে,1
লোক৷,1
যাকে,1
হাওদা,1
গ্রামে,1
হেড-আপ,1
লাইট,,1
হেডল্যাম্প,,1
পঠিত,1
প্রদর্শনীর,1
ধূপ,1
দাঁড়ানোর,1
মহিলা.,1
তরুণরা,1
সারা,1
বিশ্বের,1
পুনর্মিলন।,1
কাঁদছে.,1
কাঁদছে,1
নাড়ছে।,1
অর্ধেক,1
ফ্রিজার,1
ক্যাফেতে,1
গ্রাহকের,1
এশিয়ানরা,1
চটজলদি,1
বিনুনি,1
ক্যানভাসে,1
এঁকেছেন।,1
বক্ররেখার,1
অ্যারোডাইনামিক,1
উপরে,,1
চরছে।,1
আঁকাবাঁকা,1
বাইকারটি,1
বাঁকে,1
মাউন্টেন,1
স্পাল্ডিং-এর,1
শরতের,1
তাঁর,1
তোলায়,1
ডিস্ট্রিক্টের,1
কাপড়ের,1
ভদ্রমহিলার,1
স্লিং,1
টেবিল,,1
যুবকরা,1
শপে,1
লটারির,1
পর্যটকদের,1
ধাক্কা,1
প্লেয়ার,1
বেহালায়,1
স্বল্প,1
পুতির,1
নেকলেস,1
পড়ার,1
ডেকে,1
ব্রোশার,1
পড়ছে।,1
"ডেভিড",1
করছেন...,1
খেলোয়াড়দের,1
নেট,1
গোলরক্ষকের,1
ডিফেন্সম্যান,1
ঠেকানোর,1
রড,1
ঢুকিয়ে,1
প্রযুক্তিবিদ,1
নিরাপদ,1
সর্বোত্তম,1
উপায়,1
মেকার,1
ওভেনে,1
ফায়ার,1
ঢেউয়ের,1
হাঁটা.,1
তাকায়৷,1
কুকি,1
বোকা,1
অনেকেই,1
লেয়ার,1
কোক,1
পার্টি,1
প্যাবস্ট,1
কোকের,1
মানুষ...,1
দুদিকে,1
কয়েন,1
অভিনয়শিল্পীদের,1
করেন।,1
বিধিবদ্ধ,1
পথচারীরা,1
শিল্পীদের,1
সাইনবোর্ড,1
"ওয়েলকাম,1
বাইকারস"।,1
ইটপাথর।,1
ডেলিভারি,1
ম্যান,1
দেখছে৷,1
বাসটি,1
বোঝাই,1
স্প্যানডেক্সে,1
কনভেয়ার,1
বেল্টের,1
মুদি,1
বেল্টে,1
সুপারমার্কেটে,1
চেকআউটে,1
খাড়ার,1
ভ্রমণকারী।,1
ক্যানিয়নে,1
ক্যানিয়ন,1
সাইডে,1
লম্বা-হাতা,1
বোতলজাত,1
লাইনারে,1
গ্যারেজে,1
ক্রুশে,1
মরুভূমির,1
ক্রসের,1
গাইড,1
ওয়াগন,1
টানছে৷,1
শেটল্যান্ডের,1
টাট্টু,1
ওয়াগনকে,1
জামাবিহীন,1
নেতৃত্ব,1
পড়েছেন।,1
যাত্রীবাহী,1
মেরামতকারী,1
তাকাচ্ছে,,1
পোষাকে,1
ওয়াকওয়েতে,1
লাগানোর,1
সড়ককর্মী।,1
টাগ-অফ-ওয়ার,1
স্টাফ,1
জন্তুর,1
সাইজের,1
সুখী,1
এলমোর,1
ফাঁকা।,1
বান্ধবীর,1
আর্টে,1
দক্ষতা,1
যুবক।,1
যুবতীকে,1
মুগ্ধ,1
জিমন্যাস্টিকস,1
কিভাবে,1
অনুশীলনকারী,1
বন্ধুরা,1
গিজারে,1
কয়েকজন।,1
দুর্গের,1
ঢালে,1
খাড়া,1
তৃণভূমিতে,1
বিস্তীর্ণ,1
AMC,1
সিনেমা,1
এএমসি,1
নারী-পুরুষ।,1
আবহাওয়ায়,1
মোড়ে,1
ছুড়ছে।,1
ব্লো,1
ভূগর্ভস্থ,1
পড়ে।,1
ম্যাক,1
ল্যাপটপ,,1
খোলা,,1
ঘরে৷,1
দল৷,1
লোকেরা।,1
গ্রুপ,1
কাউন্সেলিং,1
সেশন,1
শোনা।,1
কুচকাওয়াজে,1
পিঠ,1
চাদরের,1
স্ট্রোলারে,1
বাবা-মায়েরা,1
কাদাযুক্ত,1
গর্তে,1
লন্ড্রি,1
ঢালার,1
বেসিনে,1
ভরাট,1
ধ্বংসাবশেষ,1
ডলফিন,1
পরছে।,1
পরে।,1
মার্লিনস,1
দিচ্ছে,,1
তলা,1
কিশোরী,,1
উভয়েরই,1
লাফানোর,1
মাঝ,1
মেলাচ্ছে।,1
স্লিভলেস,1
সন্তানের,1
পৌঁছানোর,1
ঠেকিয়ে,1
ফুটবলার,1
নির্মাণের,1
শ্রমিকদের,1
হেলে,1
পড়েছে।,1
মইয়ের,1
সড়ককর্মী,1
ঠেলাগাড়ি,1
উত্সব,1
চলছে,,1
ড্রামারের,1
বোর্ডওয়াকে,1
ঢাক-ঢোলবাজদের,1
স্টিল্টস,1
মুছে,1
বেডরুমে,1
ডেস্কটপ,1
করছেf,1
অ্যাপার্টমেন্টে,1
স্ক্রিনের,1
ডেকের,1
লক,1
(দামি,1
পরা),1
গহনার,1
হাত-হাতে,1
উইন্ডো,1
অ্যাথলেটের,1
গ্রাফিতির,1
ম্যুরালের,1
জন।,1
নাড়ছে৷,1
এক্স-রে,1
অর্থের,1
অনুরোধ,1
জিজ্ঞাসা,1
কার্ডবোর্ডের,1
যাতায়াতকারীদের,1
দাড়ি-টুপিওয়ালা,1
ভিক্ষা,1
চালায়।,1
সংকল্পযুক্ত,1
সিদ্ধান্ত,1
সেদ্ধ,1
চান,1
কিনা৷,1
যৌন,1
গোষ্ঠী,1
গলদা,1
চিংড়ির,1
ম্যালেট,1
করে৷,1
কাঁকড়ার,1
বাবাকে,1
পড়তে,1
দম্পতিকে,1
শুনছেন,1
নাচছেন।,1
শুনছেন।,1
যন্ত্রপাতির,1
দেড়,1
আটারি,1
কর্মবিরতি,1
ছুটি,1
বিরতিতে,1
ভেন্ট্রিলোকুইস্ট,1
ড্রাগনের,1
মালিক,1
কুচকাওয়াজ,1
বর-কনে,1
পার্টি,,1
পার্টির,1
প্রদীপ,1
অতিথিদের,1
বিয়েতে,1
বরকে,1
অনুসরণ,1
বিবাহের,1
লাগেজ,1
খায়।,1
ফুটপাতের,1
অর্ডার,1
টেকআউট,1
উইন্ডোতে,1
পরিষেবার,1
কফির,1
মেনু,1
পরীক্ষা.,1
রিফ্রেশমেন্ট,1
উঠার,1
হ্যান্ড্রেল,1
রেখেছেন৷,1
ফ্লাইটে,1
উঠছেন।,1
চোখের,1
তিনজনকে,1
মানুষগুলো,1
ভালোই,1
৩,1
ক্লাস্টার,1
পায়রা,1
আবক্ষের,1
বিরাট,1
দেরিতে,1
বাসে,1
শার্টে,,1
সিট,1
ডে,1
কেয়ার,1
উপাসকদের,1
সেবা,1
ভারতের,1
অনুষ্ঠান,1
মুসলমান,1
সমাবেশ।,1
ভিসার,1
ঘিরে,,1
ভিজার,1
ক্লাবে,1
ড্রাইভ,1
বক্স,1
চকবোর্ডে,1
আর্টিস্টরা,1
মাদুরে,1
আইকিডো,1
ছাত্রদের,1
বিক্ষোভে,1
হামলা,1
স্টাফকে,1
কীভাবে,1
বন্ধ.,1
শিশুরা।,1
টাইলসের,1
আটজন,1
টালি,1
সাতজন,1
ব্যাকপ্যাকের,1
বোস্টন,1
বেলের,1
প্যানেলযুক্ত,1
বারের,1
iMac,1
অদূরে,1
গির্জার,1
তাসের,1
সদস্যরা,1
অবকাশ,1
যাপনের,1
জঙ্গলে,,1
ক্যানে,1
ক্যাম্পে,1
পারেন।,1
গ্রিলে,1
মিনিভ্যানের,1
বাচ্চারা,,1
স্মোক,1
নাচতে,1
উৎসবে,1
দুইজন।,1
ইয়টের,1
বার্জের,1
দ্বিতীয়,1
তাকাচ্ছেন।,1
নিয়ন,1
ভেস্টে,1
শ্রমিক।,1
খুঁড়ছেন।,1
খুঁড়ছে।,1
নির্মাণকর্মী।,1
যান্ত্রিক,1
ত্রুটির,1
সাময়িকভাবে,1
বিলম্বিত,1
বাইকটি,1
পনিটেলওয়ালা,1
দৈর্ঘ্যের,1
সিল্কের,1
নগ্ন,1
স্কার্টের,1
ঝুঁকছেন।,1
খাচ্ছে৷,1
দোলের,1
লিটল,1
করাত,1
শিকল,1
পাতাহীন,1
পড়েছিল।,1
পুরুষটি,1
বেইজ,1
ঠোঁটে,1
ডাক,1
ঝুঁকেছে।,1
জেলেদের,1
ঠোঁটের,1
লাগাচ্ছেন।,1
চ্যাপস্টিক,1
সামাজিক,1
সমাবেশের,1
অডিও,1
কন্ট্রোল,1
অডিওর,1
যত্ন,1
মিক্সিং,1
নবগুলিকে,1
সামঞ্জস্য,1
জনসমাবেশে,1
ডিজে,1
টেকনিশিয়ান,1
সমন্বয়,1
ফ্লিপ,1
কেন্দ্রস্থলে,1
আগ্রহী,1
পুরুষ৷,1
সেলফোন,1
চেকার্ড,1
কর্মীকে,1
নেটিভ,1
আমেরিকানরা,1
কার্যকলাপে,1
অংশগ্রহণ,1
বাজায়।,1
নারীরা,1
জীবনকে,1
নাচ,1
উপজাতীয়,1
পরিবেশনা।,1
ভারতীয়রা,1
পবিত্র,1
নৃত্য,1
নম্বর,1
প্রতিদ্বন্দ্বিতা,1
প্যাসিফায়ার,1
টেডি,1
ঘুমাচ্ছে৷,1
প্রশমক।,1
কুশনে,1
ঘুমাচ্ছে।,1
বিঙ্কিকে,1
ঘুমন্ত,1
প্যাসিফায়ারে,1
ফটোগ্রাফারকে,1
জলপথে,1
অভিনব,1
টানছেন,1
হেসে,1
কার্টের,1
টানছেন৷,1
রিকশার,1
দাড়ি,,1
দখল,1
রক্ষণাত্মক,1
পদক্ষেপ,1
দেখেন।,1
চেহারার,1
উপজাতি,1
স্ট্যান্ড,1
সেলফোনে,,1
বেড়ায়,1
মিশে,1
সুসজ্জিত,,1
অসামান্য,1
হাসিতে,1
চড়েছে।,1
শেয়ার,1
বাণিজ্যিক,1
সোডার,1
হাসছেন।,1
অ্যালুমিনিয়ামের,1
সারিবদ্ধ।,1
বিয়ারের,1
বারে,1
কোরিয়ান,1
তারপর,1
সম্ভবত,1
হিস্পানিক,1
বংশোদ্ভূত,1
বাজারে,,1
ভাজাচ্ছে।,1
সাঁতারুদের,1
নারী,,1
প্রিন্টের,1
রঙের।,1
নির্বোধ,1
চুলা,1
পরেন.,1
ভ্রুকুটি,1
ঘৃণ্য,1
যাদের,1
ব্যাকপ্যাক।,1
সানগ্লাস।,1
ওভারপাসে,1
নেভি,1
বিশৃঙ্খল,1
কমপ্যাক্ট,1
কম্পিউটার,1
কাগজপত্রে,1
পুল,1
গড়াগড়ি,1
টকি,1
প্রতিক্রিয়াকারী,1
ঘটনাস্থলে,1
রয়েছেন।,1
শিশুকন্যাকে,1
কন্যা,1
পিকনিকে,1
স্প্যাটুলা,1
হয়ে,,1
গ্রিলিং,1
সব,1
বয়সের,,1
একক,1
অনুশীলনকারীর,1
সঞ্চালিত,1
অ্যাকোস্টিক,1
হাল্টার,1
টপ,,1
অংশের,1
পরিকল্পনার,1
পরামর্শ,1
কনভেনশন,1
সেন্টারে,1
পশু,1
কার্নিভালে,1
পুরস্কারের,1
গিটারে,1
ব্যান্ডানসওয়ালা,1
একজন।,1
ডাম্পস্টারের,1
রাজকুমারীর,1
মিষ্টি,1
মিছরি,1
রাজকন্যার,1
গুডিজের,1
টিয়ারা,1
খাওয়াচ্ছেন,1
লোমশ,1
শ্যাগ,1
নাড়াচ্ছে।,1
ফ্যাশনেবল,1
ধূমপান,1
ডিসপ্লে,1
দম্পতি।,1
রাতে,,1
প্লাবিত.,1
বেড়ায়।,1
খাচ্ছে,,1
মদের,1
অ্যাপ্রোন,1
মধ্যবয়সী,1
চিন্তা,1
মদ,1
উচ্চ-শ্রেণীর,1
চাইনিজ,1
তৈরির,1
ক্ষুধার্ত,1
রেস্টুরেন্ট,1
তাঁবুর,1
লাল-চুল,,1
লাউং,1
উৎসবের,1
হয়েছেন।,1
এল,1
বুকশেলফের,1
ড্রিংক,1
জনবসতিপূর্ণ,1
প্লাজা,1
ঝর্ণার,1
বিপুল,1
নারীর,1
জায়গা।,1
খাঁড়িতে,1
থামল।,1
স্রোতে,1
দোলনায়।,1
দোলনা,1
ধূলিময়,1
অস্থায়ী,1
বাঁকানো,1
দুলছে।,1
(অথবা,1
রুক্ষ-বাড়ি),1
মিল,,1
প্রদর্শনে,1
চত্বরে,1
ভিড়,,1
মানব,1
প্রতি,1
উদাসীন।,1
দর্শক,1
পাচ্ছেন।,1
ষোলজন,1
ক্লিপবোর্ড,1
কৃষকরা,1
রাগান্বিত,1
তরুণী,,1
স্পাউটে,1
একটির,1
ট্রল,1
কোট,,1
ইজেলের,1
বিনি,1
বাস্তবসম্মত,1
ল্যাটি,1
লিশের,1
ট্যাক্সিতে,1
পাসিং,1
পদ্মাবস্থায়,1
বউ-বিটার,1
বাজেটের,1
বাটির,1
বয়সে,1
উদযাপন।,1
উদযাপন,1
জ্বালানো,1
কাছে।,1
হাসিখুশি,1
জন্মদিনের,1
হার্ডস্কেপে,1
12টি,1
অফ-ক্যামেরা,1
উত্স,1
স্প্ল্যাশ,1
হয়৷,1
খেলে।,1
কাউন্টারটপে,1
ওয়েট্রেস,1
ফাইল,1
জনগণ,1
স্কোয়ারে,1
সামরিক,1
শৃঙ্খলা,1
বজায়,1
বিক্ষোভ,1
কুঁড়েঘর,1
ছুটছে।,1
জাম্পার,1
হলওয়েতে,1
ফোয়ারা,1
গির্জা,1
কিনতে.,1
গির্জায়,1
ওয়াটারস্কিইং,1
স্পিডবোটের,1
ওয়েকবোর্ডার,1
হ্রদে,1
নৌকা.,1
বেলির,1
বিন,1
মাসকট,1
ধারের,1
স্নানের,1
পিয়ারে,1
গার্ড,1
জাইলোফোন,1
হাতে।,1
ফেয়ারে,1
খুঁজছে।,1
পোষাকের,1
স্যুটে,1
মামলা,1
বোন,1
চতুর্দশীতে,1
বোনেরা,1
অল,1
টেরেইন,1
কর্মচারী,1
ধরিয়ে,1
আরবি,1
সংযুক্ত।,1
যোগদান,1
কুকুর.,1
প্রতিবেশী,1
মলত্যাগ,1
হাঁটাররা,1
প্রাণী,1
রয়েছেন,,1
হেভিসেট,1
পিয়ারের,1
কাবানার,1
থাকাকালীন,1
গাল,1
বিষ্ঠা,1
আসবাবের,1
Ikea,1
ডিনারে,1
স্ফটিক,1
স্বচ্ছ,1
অ্যানিমেটেডভাবে,1
কাউকে,1
ইশারা,1
ঘুষি,1
শিল্পীর,1
ডিসপ্লের,1
চিত্রকর্ম,1
দেখাচ্ছেন,1
স্বাক্ষর,1
প্রতিকৃতির,1
নোটপ্যাডে,1
লিখছেন,1
সুশি,1
কর্মচারীরা,1
ফুড,1
মার্কেট,1
রাইড-অন,1
পুশ,1
ক্যালিফোর্নিয়ার,1
বেকার্সফিল্ডের,1
নুড়ি,1
গিটারিস্ট,1
ড্রামার,1
জেলে,1
পরবর্তী,1
তারে,1
জট,1
পাকিয়ে,1
রাখছে।,1
বারগান্ডি,1
বিনোদন।,1
ম্যারিওনেট,1
লাঠিতে,1
স্ক্যুয়ারে,1
সাজিয়ে,1
skewers,1
প্রস্তুত.,1
শিখছে,1
ভোগ,1
শেফরা,1
ব্যবস্থা,1
দৌড়াচ্ছে৷,1
সমতল,1
ইতিমধ্যেই,1
ঠেলাগাড়িতে,1
ফ্ল্যানেল,1
গ্রামবাসীদের,1
ধুলোময়,1
আফ্রিকানরা,1
বিদেশী,1
প্রশিক্ষকের,1
স্কেট,1
ক্লান্ত,1
শিল্প,1
জাদুঘরে,1
শিল্পটি,1
যাদুঘরের,1
বড়দের,1
যাদুঘরে,1
ফুচকা,1
পালঙ্কের,1
সারিতে,1
পূর্ব,1
বিক্রেতারা.,1
সুস্বাদু,1
রোলিং,1
এলাকা.,1
নামছে।,1
মেরুতে,1
ছেলেটা,1
ডোনাটের,1
জিনিসপত্রের,1
ভালো,1
জিমনেশিয়ামে,1
আয়োজন,1
পতাকাকে,1
শিক্ষকদের,1
কেমন,1
দেখাচ্ছে।,1
প্রদর্শনীতে,1
তলোয়ারওয়ালা,1
চীনা,1
মুখোমুখি।,1
সমবেত,1
তলোয়ার,,1
বর্শা।,1
যোদ্ধার,1
প্রতিযোগিতার,1
তলোয়ার,1
প্যাডেড,1
বিদ্যালয়ের,1
জিমে,1
ম্যাচে,,1
ম্যাচে,1
ব্যক্তি.,1
কোম্পানি,1
আয়োজিত,1
সোর্ডফিশকে,1
কাটিয়ে,1
যাচ্ছে৷,1
ডিভাইস,1
দেখছে.,1
বিশুদ্ধ,1
ছদ্মবেশী,1
উঠান,1
উপর,,1
ঝরাচ্ছে,,1
কাটছে,,1
থলির,1
কাটছেন,,1
ড্রাইভওয়ের,1
কাটতে,1
ফ্যাকাশে,1
মেরু,1
পান্ডা,1
পোষাচ্ছে।,1
আলিঙ্গন,1
চড়েছেন,1
গাছকে,1
সোজা,1
রোপণের,1
বাবা-মূর্তি,1
সন্তান,1
কোদাল,1
রোপণ,1
প্রলেপ,1
ক্রীড়া,1
ক্যানোর,1
দু'পাশে,1
কায়াক,1
প্যাডলার,1
রেখাযুক্ত,1
নির্মাণস্থল,,1
লিফট,1
মেরামতের,1
স্যান্ডেল,,1
উল্কিওয়ালা,1
উল্কি,1
শেফকে,1
বেরিয়েছিল,1
ঠান্ডা,1
নভেম্বর,1
রাতে।,1
ঠান্ডায়,1
দর্শক,,1
ঠান্ডার,1
সমাগম।,1
জড়িয়ে,1
উষ্ণতার,1
তুলছে,,1
স্টোরেজ,1
চিত্রগ্রহণ,1
বহুসংস্কৃতির,1
ঠান্ডা।,1
মিলিয়ে,1
আড়ালে,1
ফ্লাক্স,1
স্ক্যাফোল্ডিংয়ের,1
পাতাল,1
ইভেন্ট,1
অস্বাভাবিক,1
রঙ্গিন,1
ডিজাইন,1
স্টাইলের,1
তরুণ-তরুণীরা,1
পেইন্টের,1
কী,1
কুকিজ,1
সাজাতে,1
ময়দা,1
প্রকল্পে,1
শিক্ষার্থীরা,1
স্কুলে,1
খাদ্য,1
দিবসে,1
তরুণদের,1
হ্যাম,1
জিনিসটি,1
উদ্ধার,1
লাঠির,1
লাফাচ্ছে।,1
নিশানা,1
বুদ,1
জলযান,1
রেখে,,1
শার্টওয়ালা,1
দিয়ে।,1
দেখাশোনা,1
মিথস্ক্রিয়া।,1
সময়।,1
সূর্যোদয়ের,1
দাঁড়িয়ে।,1
বসে,,1
শিকারি,1
ঢেউয়ের,1
বাজপাখি,1
পেলিচানটি,1
ঠোঁট।,1
দৃষ্টি,,1
উপর।,1
চলে।,1
গলায়,,1
পালকে,,1
মেয়েরা,,1
চোখে।,1
সমাহার।,1
বন্দী,1
বন্দী,,1
একাকীত্ব।,1
নিরুপায়,1
ভেতর,,1
ছায়া।,1
কোমল,1
পালক।,1
মিশ্রণ,1
কল্পনার,1
জগত।,1
ছড়িয়ে,,1
উড়ান।,1
ডুবে,1
যাওয়ার,1
মুহূর্তে,,1
পরস্পরের,1
কাছাকাছি।,1
মাঠ,,1
প্রাণের,1
উচ্ছ্বাস,,1
আনন্দঘন,1
বসবাসরত,1
নানান,1
দিন,,1
শহর।,1
মিলনমেলা,,1
চমৎকার,1
সুরেলা,1
বসে।,1
কবুতরের,1
পাখিটি।,1
পাখিরা,,1
পটভূমিতে।,1
সমন্বয়।,1
পালকে,1
ঢাকা,,1
তোতা।,1
লাল-হলুদের,1
ছোঁয়া,1
তোতা,1
আঁচলে,1
ছড়ানো,1
সবুজের,1
একাকার।,1
পাখিটির,1
চঞ্চু।,1
ডানায়,1
ঠোকরানোর,1
আগেই,1
ভাবনায়,1
কাঠঠোকরা।,1
ঝুঁটি,1
মাথায়,,1
হলুদ-কালো,1
মোড়া,1
শিল্পী।,1
নিরব,1
চিত্রশিল্পী,,1
নাম।,1
চঞ্চল,1
কাঠঠোকরা,,1
খোঁজার,1
ইঙ্গিত।,1
অবস্থান।,1
মনোরম,1
কৃমি,,1
পেয়েছে,,1
বর্ণময়,1
সৈনিক।,1
মাথা,,1
রাজসিক,1
দেহ—টার্কির,1
রূপ।,1
সৌন্দর্যে,1
ভরপুর,1
টার্কি,,1
গৌরব।,1
টার্কির,1
ভঙ্গি,,1
অনবদ্য,1
প্রদর্শনী।,1
ছটায়,1
শোভিত,,1
মনোমুগ্ধকর,1
ধারে,,1
কাছে,,1
জীবন,,1
তীরে,,1
বন্যার,1
পর,,1
সংগ্রাম,,1
জলবদ্ধতার,1
কবলে,1
পড়ে,,1
সুন্দর,,1
মাঝে।,1
শক্তিশালী,1
পাশে,,1
বৃহৎ,1
বাছুর,,1
বাছুর।,1
গরুটা,1
খুশি।,1
কৃষিক্ষেত্রের,1
পরিশ্রমের,1
চাষ।,1
কৃষিকাজের,1
কৃষি,1
ধানক্ষেতে।,1
আলোয়।,1
শান্তিময়,1
আকাশে,,1
মাটিতে,,1
যাচ্ছেন।,1
,শাড়ি,1
আদর,1
কোলে।,1
,ঘাসের,1
মাঝে,দাঁড়িয়ে,1
পরিশ্রম।,1
পরিশ্রমী,1
কৃষক,,1
নিরবে,1
মাঠে,,1
